[2026-08-17 15:13:26] local.INFO: [ShopeeAdsService] Consultando Ads do dia {"data":"2026-08-17"} 
[2026-08-17 15:13:26] local.INFO: ENTROU NO GET SHOPEE {"path":"/api/v2/ads/get_all_cpc_ads_hourly_performance"} 
[2026-08-17 15:13:27] local.ERROR: [ShopeeAdsService] Erro na API de Ads {"response":{"response":null,"request_id":"e3e3e7f35942207d8d160ddda2449900","error":"error_param","message":"Wrong parameters. performance_date: PerformanceDate is required;","warning":""}} 
[2026-08-17 15:13:27] local.ERROR: Wrong parameters. performance_date: PerformanceDate is required; {"userId":1,"exception":"[object] (Exception(code: 0): Wrong parameters. performance_date: PerformanceDate is required; at C:/projetos/gestao-financeira/app/Services/Shopee/ShopeeAdsService.php:204)
[stacktrace]
#0 C:/projetos/gestao-financeira/app/Services/Shopee/ShopeeAdsService.php(51): App/Services/Shopee/ShopeeAdsService->getInvestimentoDia(Object(Illuminate/Support/Carbon))
#1 C:/projetos/gestao-financeira/app/Http/Controllers/ShopeeDashboardController.php(266): App/Services/Shopee/ShopeeAdsService->getInvestimento(Object(Illuminate/Support/Carbon), Object(Illuminate/Support/Carbon))
#2 C:/projetos/gestao-financeira/vendor/laravel/framework/src/Illuminate/Routing/ControllerDispatcher.php(46): App/Http/Controllers/ShopeeDashboardController->index(Object(Illuminate/Http/Request))
#3 C:/projetos/gestao-financeira/vendor/laravel/framework/src/Illuminate/Routing/Route.php(276): Illuminate/Routing/ControllerDispatcher->dispatch(Object(Illuminate/Routing/Route), Object(App/Http/Controllers/ShopeeDashboardController), 'index')
#4 C:/projetos/gestao-financeira/vendor/laravel/framework/src/Illuminate/Routing/Route.php(216): Illuminate/Routing/Route->runController()
#5 C:/projetos/gestao-financeira/vendor/laravel/framework/src/Illuminate/Routing/Router.php(822): Illuminate/Routing/Route->run()
#6 C:/projetos/gestao-financeira/vendor/laravel/framework/src/Illuminate/Pipeline/Pipeline.php(180): Illuminate/Routing/Router->{closure:Illuminate/Routing/Router::runRouteWithinStack():821}(Object(Illuminate/Http/Request))
#7 C:/projetos/gestao-financeira/vendor/laravel/framework/src/Illuminate/Routing/Middleware/SubstituteBindings.php(52): Illuminate/Pipeline/Pipeline->{closure:Illuminate/Pipeline/Pipeline::prepareDestination():178}(Object(Illuminate/Http/Request))
#8 C:/projetos/gestao-financeira/vendor/laravel/framework/src/Illuminate/Pipeline/Pipeline.php(219): Illuminate/Routing/Middleware/SubstituteBindings->handle(Object(Illuminate/Http/Request), Object(Closure))
#9 C:/projetos/gestao-financeira/vendor/laravel/framework/src/Illuminate/Auth/Middleware/Authenticate.php(63): Illuminate/Pipeline/Pipeline->{closure:{closure:Illuminate/Pipeline/Pipeline::carry():194}:195}(Object(Illuminate/Http/Request))
#10 C:/projetos/gestao-financeira/vendor/laravel/framework/src/Illuminate/Pipeline/Pipeline.php(219): Illuminate/Auth/Middleware/Authenticate->handle(Object(Illuminate/Http/Request), Object(Closure))
#11 C:/projetos/gestao-financeira/vendor/laravel/framework/src/Illuminate/Foundation/Http/Middleware/PreventRequestForgery.php(104): Illuminate/Pipeline/Pipeline->{closure:{closure:Illuminate/Pipeline/Pipeline::carry():194}:195}(Object(Illuminate/Http/Request))
#12 C:/projetos/gestao-financeira/vendor/laravel/framework/src/Illuminate/Pipeline/Pipeline.php(219): Illuminate/Foundation/Http/Middleware/PreventRequestForgery->handle(Object(Illuminate/Http/Request), Object(Closure))
#13 C:/projetos/gestao-financeira/vendor/laravel/framework/src/Illuminate/View/Middleware/ShareErrorsFromSession.php(48): Illuminate/Pipeline/Pipeline->{closure:{closure:Illuminate/Pipeline/Pipeline::carry():194}:195}(Object(Illuminate/Http/Request))
#14 C:/projetos/gestao-financeira/vendor/laravel/framework/src/Illuminate/Pipeline/Pipeline.php(219): Illuminate/View/Middleware/ShareErrorsFromSession->handle(Object(Illuminate/Http/Request), Object(Closure))
#15 C:/projetos/gestao-financeira/vendor/laravel/framework/src/Illuminate/Session/Middleware/StartSession.php(120): Illuminate/Pipeline/Pipeline->{closure:{closure:Illuminate/Pipeline/Pipeline::carry():194}:195}(Object(Illuminate/Http/Request))
#16 C:/projetos/gestao-financeira/vendor/laravel/framework/src/Illuminate/Session/Middleware/StartSession.php(63): Illuminate/Session/Middleware/StartSession->handleStatefulRequest(Object(Illuminate/Http/Request), Object(Illuminate/Session/Store), Object(Closure))
#17 C:/projetos/gestao-financeira/vendor/laravel/framework/src/Illuminate/Pipeline/Pipeline.php(219): Illuminate/Session/Middleware/StartSession->handle(Object(Illuminate/Http/Request), Object(Closure))
#18 C:/projetos/gestao-financeira/vendor/laravel/framework/src/Illuminate/Cookie/Middleware/AddQueuedCookiesToResponse.php(36): Illuminate/Pipeline/Pipeline->{closure:{closure:Illuminate/Pipeline/Pipeline::carry():194}:195}(Object(Illuminate/Http/Request))
#19 C:/projetos/gestao-financeira/vendor/laravel/framework/src/Illuminate/Pipeline/Pipeline.php(219): Illuminate/Cookie/Middleware/AddQueuedCookiesToResponse->handle(Object(Illuminate/Http/Request), Object(Closure))
#20 C:/projetos/gestao-financeira/vendor/laravel/framework/src/Illuminate/Cookie/Middleware/EncryptCookies.php(74): Illuminate/Pipeline/Pipeline->{closure:{closure:Illuminate/Pipeline/Pipeline::carry():194}:195}(Object(Illuminate/Http/Request))
#21 C:/projetos/gestao-financeira/vendor/laravel/framework/src/Illuminate/Pipeline/Pipeline.php(219): Illuminate/Cookie/Middleware/EncryptCookies->handle(Object(Illuminate/Http/Request), Object(Closure))
#22 C:/projetos/gestao-financeira/vendor/laravel/framework/src/Illuminate/Pipeline/Pipeline.php(137): Illuminate/Pipeline/Pipeline->{closure:{closure:Illuminate/Pipeline/Pipeline::carry():194}:195}(Object(Illuminate/Http/Request))
#23 C:/projetos/gestao-financeira/vendor/laravel/framework/src/Illuminate/Routing/Router.php(821): Illuminate/Pipeline/Pipeline->then(Object(Closure))
#24 C:/projetos/gestao-financeira/vendor/laravel/framework/src/Illuminate/Routing/Router.php(800): Illuminate/Routing/Router->runRouteWithinStack(Object(Illuminate/Routing/Route), Object(Illuminate/Http/Request))
#25 C:/projetos/gestao-financeira/vendor/laravel/framework/src/Illuminate/Routing/Router.php(764): Illuminate/Routing/Router->runRoute(Object(Illuminate/Http/Request), Object(Illuminate/Routing/Route))
#26 C:/projetos/gestao-financeira/vendor/laravel/framework/src/Illuminate/Routing/Router.php(753): Illuminate/Routing/Router->dispatchToRoute(Object(Illuminate/Http/Request))
#27 C:/projetos/gestao-financeira/vendor/laravel/framework/src/Illuminate/Foundation/Http/Kernel.php(200): Illuminate/Routing/Router->dispatch(Object(Illuminate/Http/Request))
#28 C:/projetos/gestao-financeira/vendor/laravel/framework/src/Illuminate/Pipeline/Pipeline.php(180): Illuminate/Foundation/Http/Kernel->{closure:Illuminate/Foundation/Http/Kernel::dispatchToRouter():197}(Object(Illuminate/Http/Request))
#29 C:/projetos/gestao-financeira/vendor/laravel/framework/src/Illuminate/Foundation/Http/Middleware/TransformsRequest.php(21): Illuminate/Pipeline/Pipeline->{closure:Illuminate/Pipeline/Pipeline::prepareDestination():178}(Object(Illuminate/Http/Request))
#30 C:/projetos/gestao-financeira/vendor/laravel/framework/src/Illuminate/Foundation/Http/Middleware/ConvertEmptyStringsToNull.php(31): Illuminate/Foundation/Http/Middleware/TransformsRequest->handle(Object(Illuminate/Http/Request), Object(Closure))
#31 C:/projetos/gestao-financeira/vendor/laravel/framework/src/Illuminate/Pipeline/Pipeline.php(219): Illuminate/Foundation/Http/Middleware/ConvertEmptyStringsToNull->handle(Object(Illuminate/Http/Request), Object(Closure))
#32 C:/projetos/gestao-financeira/vendor/laravel/framework/src/Illuminate/Foundation/Http/Middleware/TransformsRequest.php(21): Illuminate/Pipeline/Pipeline->{closure:{closure:Illuminate/Pipeline/Pipeline::carry():194}:195}(Object(Illuminate/Http/Request))
#33 C:/projetos/gestao-financeira/vendor/laravel/framework/src/Illuminate/Foundation/Http/Middleware/TrimStrings.php(51): Illuminate/Foundation/Http/Middleware/TransformsRequest->handle(Object(Illuminate/Http/Request), Object(Closure))
#34 C:/projetos/gestao-financeira/vendor/laravel/framework/src/Illuminate/Pipeline/Pipeline.php(219): Illuminate/Foundation/Http/Middleware/TrimStrings->handle(Object(Illuminate/Http/Request), Object(Closure))
#35 C:/projetos/gestao-financeira/vendor/laravel/framework/src/Illuminate/Http/Middleware/ValidatePostSize.php(27): Illuminate/Pipeline/Pipeline->{closure:{closure:Illuminate/Pipeline/Pipeline::carry():194}:195}(Object(Illuminate/Http/Request))
#36 C:/projetos/gestao-financeira/vendor/laravel/framework/src/Illuminate/Pipeline/Pipeline.php(219): Illuminate/Http/Middleware/ValidatePostSize->handle(Object(Illuminate/Http/Request), Object(Closure))
#37 C:/projetos/gestao-financeira/vendor/laravel/framework/src/Illuminate/Foundation/Http/Middleware/PreventRequestsDuringMaintenance.php(109): Illuminate/Pipeline/Pipeline->{closure:{closure:Illuminate/Pipeline/Pipeline::carry():194}:195}(Object(Illuminate/Http/Request))
#38 C:/projetos/gestao-financeira/vendor/laravel/framework/src/Illuminate/Pipeline/Pipeline.php(219): Illuminate/Foundation/Http/Middleware/PreventRequestsDuringMaintenance->handle(Object(Illuminate/Http/Request), Object(Closure))
#39 C:/projetos/gestao-financeira/vendor/laravel/framework/src/Illuminate/Http/Middleware/HandleCors.php(61): Illuminate/Pipeline/Pipeline->{closure:{closure:Illuminate/Pipeline/Pipeline::carry():194}:195}(Object(Illuminate/Http/Request))
#40 C:/projetos/gestao-financeira/vendor/laravel/framework/src/Illuminate/Pipeline/Pipeline.php(219): Illuminate/Http/Middleware/HandleCors->handle(Object(Illuminate/Http/Request), Object(Closure))
#41 C:/projetos/gestao-financeira/vendor/laravel/framework/src/Illuminate/Http/Middleware/TrustProxies.php(58): Illuminate/Pipeline/Pipeline->{closure:{closure:Illuminate/Pipeline/Pipeline::carry():194}:195}(Object(Illuminate/Http/Request))
#42 C:/projetos/gestao-financeira/vendor/laravel/framework/src/Illuminate/Pipeline/Pipeline.php(219): Illuminate/Http/Middleware/TrustProxies->handle(Object(Illuminate/Http/Request), Object(Closure))
#43 C:/projetos/gestao-financeira/vendor/laravel/framework/src/Illuminate/Foundation/Http/Middleware/InvokeDeferredCallbacks.php(22): Illuminate/Pipeline/Pipeline->{closure:{closure:Illuminate/Pipeline/Pipeline::carry():194}:195}(Object(Illuminate/Http/Request))
#44 C:/projetos/gestao-financeira/vendor/laravel/framework/src/Illuminate/Pipeline/Pipeline.php(219): Illuminate/Foundation/Http/Middleware/InvokeDeferredCallbacks->handle(Object(Illuminate/Http/Request), Object(Closure))
#45 C:/projetos/gestao-financeira/vendor/laravel/framework/src/Illuminate/Http/Middleware/ValidatePathEncoding.php(28): Illuminate/Pipeline/Pipeline->{closure:{closure:Illuminate/Pipeline/Pipeline::carry():194}:195}(Object(Illuminate/Http/Request))
#46 C:/projetos/gestao-financeira/vendor/laravel/framework/src/Illuminate/Pipeline/Pipeline.php(219): Illuminate/Http/Middleware/ValidatePathEncoding->handle(Object(Illuminate/Http/Request), Object(Closure))
#47 C:/projetos/gestao-financeira/vendor/laravel/framework/src/Illuminate/Pipeline/Pipeline.php(137): Illuminate/Pipeline/Pipeline->{closure:{closure:Illuminate/Pipeline/Pipeline::carry():194}:195}(Object(Illuminate/Http/Request))
#48 C:/projetos/gestao-financeira/vendor/laravel/framework/src/Illuminate/Foundation/Http/Kernel.php(175): Illuminate/Pipeline/Pipeline->then(Object(Closure))
#49 C:/projetos/gestao-financeira/vendor/laravel/framework/src/Illuminate/Foundation/Http/Kernel.php(144): Illuminate/Foundation/Http/Kernel->sendRequestThroughRouter(Object(Illuminate/Http/Request))
#50 C:/projetos/gestao-financeira/vendor/laravel/framework/src/Illuminate/Foundation/Application.php(1220): Illuminate/Foundation/Http/Kernel->handle(Object(Illuminate/Http/Request))
#51 C:/projetos/gestao-financeira/public/index.php(20): Illuminate/Foundation/Application->handleRequest(Object(Illuminate/Http/Request))
#52 C:/Program Files/Herd/resources/app.asar.unpacked/resources/valet/server.php(139): require('C://projetos//ges...')
#53 {main}
"} 
[2026-08-17 15:15:02] local.INFO: [ShopeeAdsService] Consultando Ads do dia {"data":"2026-08-17"} 
[2026-08-17 15:15:02] local.INFO: ENTROU NO GET SHOPEE {"path":"/api/v2/ads/get_all_cpc_ads_hourly_performance"} 
[2026-08-17 15:15:04] local.ERROR: Client error: `GET https://partner.shopeemobile.com/api/v2/ads/get_all_cpc_ads_hourly_performance?partner_id=2039071&timestamp=1786990502&access_token=eyJhbGciOiJIUzI1NiJ9.CJ-6fBABGKi9_u0GIAEo7o2N1AYwof3DHTgBQAFICQ._SMW56WFVLwMkHQrJy8y84Tufweqjvb1Ihk7BGdbWpU&shop_id=1841274536&sign=70a5f67cba34f40c3b1a254c916bf0917c2331786a594e2cb78e838ce1d8a7d7&performance_date=2026-08-17` resulted in a `429 Too Many Requests` response:
{"error":"error_rate_limit","message":"Too many requests. You have reached the rate limit. Please try again later.","req (truncated...)
 {"userId":1,"exception":"[object] (GuzzleHttp\\Exception\\ClientException(code: 429): Client error: `GET https://partner.shopeemobile.com/api/v2/ads/get_all_cpc_ads_hourly_performance?partner_id=2039071&timestamp=1786990502&access_token=eyJhbGciOiJIUzI1NiJ9.CJ-6fBABGKi9_u0GIAEo7o2N1AYwof3DHTgBQAFICQ._SMW56WFVLwMkHQrJy8y84Tufweqjvb1Ihk7BGdbWpU&shop_id=1841274536&sign=70a5f67cba34f40c3b1a254c916bf0917c2331786a594e2cb78e838ce1d8a7d7&performance_date=2026-08-17` resulted in a `429 Too Many Requests` response:
{\"error\":\"error_rate_limit\",\"message\":\"Too many requests. You have reached the rate limit. Please try again later.\",\"req (truncated...)
 at C:/projetos/gestao-financeira/vendor/guzzlehttp/guzzle/src/Exception/RequestException.php:115)
[stacktrace]
#0 C:/projetos/gestao-financeira/vendor/guzzlehttp/guzzle/src/Middleware.php(72): GuzzleHttp/Exception/RequestException::create(Object(GuzzleHttp/Psr7/Request), Object(GuzzleHttp/Psr7/Response), NULL, Array, NULL)
#1 C:/projetos/gestao-financeira/vendor/guzzlehttp/promises/src/Promise.php(209): GuzzleHttp/Middleware::{closure:{closure:{closure:GuzzleHttp/Middleware::httpErrors():60}:61}:67}(Object(GuzzleHttp/Psr7/Response))
#2 C:/projetos/gestao-financeira/vendor/guzzlehttp/promises/src/Promise.php(158): GuzzleHttp/Promise/Promise::callHandler(1, Object(GuzzleHttp/Psr7/Response), NULL)
#3 C:/projetos/gestao-financeira/vendor/guzzlehttp/promises/src/TaskQueue.php(52): GuzzleHttp/Promise/Promise::{closure:GuzzleHttp/Promise/Promise::settle():156}()
#4 C:/projetos/gestao-financeira/vendor/guzzlehttp/promises/src/Promise.php(251): GuzzleHttp/Promise/TaskQueue->run(true)
#5 C:/projetos/gestao-financeira/vendor/guzzlehttp/promises/src/Promise.php(227): GuzzleHttp/Promise/Promise->invokeWaitFn()
#6 C:/projetos/gestao-financeira/vendor/guzzlehttp/promises/src/Promise.php(272): GuzzleHttp/Promise/Promise->waitIfPending()
#7 C:/projetos/gestao-financeira/vendor/guzzlehttp/promises/src/Promise.php(229): GuzzleHttp/Promise/Promise->invokeWaitList()
#8 C:/projetos/gestao-financeira/vendor/guzzlehttp/promises/src/Promise.php(69): GuzzleHttp/Promise/Promise->waitIfPending()
#9 C:/projetos/gestao-financeira/vendor/guzzlehttp/guzzle/src/Client.php(273): GuzzleHttp/Promise/Promise->wait()
#10 C:/projetos/gestao-financeira/vendor/guzzlehttp/guzzle/src/ClientTrait.php(44): GuzzleHttp/Client->request('GET', 'https://partner...', Array)
#11 C:/projetos/gestao-financeira/app/Services/Shopee/ShopeeApiService.php(152): GuzzleHttp/Client->get('https://partner...', Array)
#12 C:/projetos/gestao-financeira/app/Services/Shopee/ShopeeAdsService.php(177): App/Services/Shopee/ShopeeApiService->get('/api/v2/ads/get...', Array)
#13 C:/projetos/gestao-financeira/app/Services/Shopee/ShopeeAdsService.php(51): App/Services/Shopee/ShopeeAdsService->getInvestimentoDia(Object(Illuminate/Support/Carbon))
#14 C:/projetos/gestao-financeira/app/Http/Controllers/ShopeeDashboardController.php(266): App/Services/Shopee/ShopeeAdsService->getInvestimento(Object(Illuminate/Support/Carbon), Object(Illuminate/Support/Carbon))
#15 C:/projetos/gestao-financeira/vendor/laravel/framework/src/Illuminate/Routing/ControllerDispatcher.php(46): App/Http/Controllers/ShopeeDashboardController->index(Object(Illuminate/Http/Request))
#16 C:/projetos/gestao-financeira/vendor/laravel/framework/src/Illuminate/Routing/Route.php(276): Illuminate/Routing/ControllerDispatcher->dispatch(Object(Illuminate/Routing/Route), Object(App/Http/Controllers/ShopeeDashboardController), 'index')
#17 C:/projetos/gestao-financeira/vendor/laravel/framework/src/Illuminate/Routing/Route.php(216): Illuminate/Routing/Route->runController()
#18 C:/projetos/gestao-financeira/vendor/laravel/framework/src/Illuminate/Routing/Router.php(822): Illuminate/Routing/Route->run()
#19 C:/projetos/gestao-financeira/vendor/laravel/framework/src/Illuminate/Pipeline/Pipeline.php(180): Illuminate/Routing/Router->{closure:Illuminate/Routing/Router::runRouteWithinStack():821}(Object(Illuminate/Http/Request))
#20 C:/projetos/gestao-financeira/vendor/laravel/framework/src/Illuminate/Routing/Middleware/SubstituteBindings.php(52): Illuminate/Pipeline/Pipeline->{closure:Illuminate/Pipeline/Pipeline::prepareDestination():178}(Object(Illuminate/Http/Request))
#21 C:/projetos/gestao-financeira/vendor/laravel/framework/src/Illuminate/Pipeline/Pipeline.php(219): Illuminate/Routing/Middleware/SubstituteBindings->handle(Object(Illuminate/Http/Request), Object(Closure))
#22 C:/projetos/gestao-financeira/vendor/laravel/framework/src/Illuminate/Auth/Middleware/Authenticate.php(63): Illuminate/Pipeline/Pipeline->{closure:{closure:Illuminate/Pipeline/Pipeline::carry():194}:195}(Object(Illuminate/Http/Request))
#23 C:/projetos/gestao-financeira/vendor/laravel/framework/src/Illuminate/Pipeline/Pipeline.php(219): Illuminate/Auth/Middleware/Authenticate->handle(Object(Illuminate/Http/Request), Object(Closure))
#24 C:/projetos/gestao-financeira/vendor/laravel/framework/src/Illuminate/Foundation/Http/Middleware/PreventRequestForgery.php(104): Illuminate/Pipeline/Pipeline->{closure:{closure:Illuminate/Pipeline/Pipeline::carry():194}:195}(Object(Illuminate/Http/Request))
#25 C:/projetos/gestao-financeira/vendor/laravel/framework/src/Illuminate/Pipeline/Pipeline.php(219): Illuminate/Foundation/Http/Middleware/PreventRequestForgery->handle(Object(Illuminate/Http/Request), Object(Closure))
#26 C:/projetos/gestao-financeira/vendor/laravel/framework/src/Illuminate/View/Middleware/ShareErrorsFromSession.php(48): Illuminate/Pipeline/Pipeline->{closure:{closure:Illuminate/Pipeline/Pipeline::carry():194}:195}(Object(Illuminate/Http/Request))
#27 C:/projetos/gestao-financeira/vendor/laravel/framework/src/Illuminate/Pipeline/Pipeline.php(219): Illuminate/View/Middleware/ShareErrorsFromSession->handle(Object(Illuminate/Http/Request), Object(Closure))
#28 C:/projetos/gestao-financeira/vendor/laravel/framework/src/Illuminate/Session/Middleware/StartSession.php(120): Illuminate/Pipeline/Pipeline->{closure:{closure:Illuminate/Pipeline/Pipeline::carry():194}:195}(Object(Illuminate/Http/Request))
#29 C:/projetos/gestao-financeira/vendor/laravel/framework/src/Illuminate/Session/Middleware/StartSession.php(63): Illuminate/Session/Middleware/StartSession->handleStatefulRequest(Object(Illuminate/Http/Request), Object(Illuminate/Session/Store), Object(Closure))
#30 C:/projetos/gestao-financeira/vendor/laravel/framework/src/Illuminate/Pipeline/Pipeline.php(219): Illuminate/Session/Middleware/StartSession->handle(Object(Illuminate/Http/Request), Object(Closure))
#31 C:/projetos/gestao-financeira/vendor/laravel/framework/src/Illuminate/Cookie/Middleware/AddQueuedCookiesToResponse.php(36): Illuminate/Pipeline/Pipeline->{closure:{closure:Illuminate/Pipeline/Pipeline::carry():194}:195}(Object(Illuminate/Http/Request))
#32 C:/projetos/gestao-financeira/vendor/laravel/framework/src/Illuminate/Pipeline/Pipeline.php(219): Illuminate/Cookie/Middleware/AddQueuedCookiesToResponse->handle(Object(Illuminate/Http/Request), Object(Closure))
#33 C:/projetos/gestao-financeira/vendor/laravel/framework/src/Illuminate/Cookie/Middleware/EncryptCookies.php(74): Illuminate/Pipeline/Pipeline->{closure:{closure:Illuminate/Pipeline/Pipeline::carry():194}:195}(Object(Illuminate/Http/Request))
#34 C:/projetos/gestao-financeira/vendor/laravel/framework/src/Illuminate/Pipeline/Pipeline.php(219): Illuminate/Cookie/Middleware/EncryptCookies->handle(Object(Illuminate/Http/Request), Object(Closure))
#35 C:/projetos/gestao-financeira/vendor/laravel/framework/src/Illuminate/Pipeline/Pipeline.php(137): Illuminate/Pipeline/Pipeline->{closure:{closure:Illuminate/Pipeline/Pipeline::carry():194}:195}(Object(Illuminate/Http/Request))
#36 C:/projetos/gestao-financeira/vendor/laravel/framework/src/Illuminate/Routing/Router.php(821): Illuminate/Pipeline/Pipeline->then(Object(Closure))
#37 C:/projetos/gestao-financeira/vendor/laravel/framework/src/Illuminate/Routing/Router.php(800): Illuminate/Routing/Router->runRouteWithinStack(Object(Illuminate/Routing/Route), Object(Illuminate/Http/Request))
#38 C:/projetos/gestao-financeira/vendor/laravel/framework/src/Illuminate/Routing/Router.php(764): Illuminate/Routing/Router->runRoute(Object(Illuminate/Http/Request), Object(Illuminate/Routing/Route))
#39 C:/projetos/gestao-financeira/vendor/laravel/framework/src/Illuminate/Routing/Router.php(753): Illuminate/Routing/Router->dispatchToRoute(Object(Illuminate/Http/Request))
#40 C:/projetos/gestao-financeira/vendor/laravel/framework/src/Illuminate/Foundation/Http/Kernel.php(200): Illuminate/Routing/Router->dispatch(Object(Illuminate/Http/Request))
#41 C:/projetos/gestao-financeira/vendor/laravel/framework/src/Illuminate/Pipeline/Pipeline.php(180): Illuminate/Foundation/Http/Kernel->{closure:Illuminate/Foundation/Http/Kernel::dispatchToRouter():197}(Object(Illuminate/Http/Request))
#42 C:/projetos/gestao-financeira/vendor/laravel/framework/src/Illuminate/Foundation/Http/Middleware/TransformsRequest.php(21): Illuminate/Pipeline/Pipeline->{closure:Illuminate/Pipeline/Pipeline::prepareDestination():178}(Object(Illuminate/Http/Request))
#43 C:/projetos/gestao-financeira/vendor/laravel/framework/src/Illuminate/Foundation/Http/Middleware/ConvertEmptyStringsToNull.php(31): Illuminate/Foundation/Http/Middleware/TransformsRequest->handle(Object(Illuminate/Http/Request), Object(Closure))
#44 C:/projetos/gestao-financeira/vendor/laravel/framework/src/Illuminate/Pipeline/Pipeline.php(219): Illuminate/Foundation/Http/Middleware/ConvertEmptyStringsToNull->handle(Object(Illuminate/Http/Request), Object(Closure))
#45 C:/projetos/gestao-financeira/vendor/laravel/framework/src/Illuminate/Foundation/Http/Middleware/TransformsRequest.php(21): Illuminate/Pipeline/Pipeline->{closure:{closure:Illuminate/Pipeline/Pipeline::carry():194}:195}(Object(Illuminate/Http/Request))
#46 C:/projetos/gestao-financeira/vendor/laravel/framework/src/Illuminate/Foundation/Http/Middleware/TrimStrings.php(51): Illuminate/Foundation/Http/Middleware/TransformsRequest->handle(Object(Illuminate/Http/Request), Object(Closure))
#47 C:/projetos/gestao-financeira/vendor/laravel/framework/src/Illuminate/Pipeline/Pipeline.php(219): Illuminate/Foundation/Http/Middleware/TrimStrings->handle(Object(Illuminate/Http/Request), Object(Closure))
#48 C:/projetos/gestao-financeira/vendor/laravel/framework/src/Illuminate/Http/Middleware/ValidatePostSize.php(27): Illuminate/Pipeline/Pipeline->{closure:{closure:Illuminate/Pipeline/Pipeline::carry():194}:195}(Object(Illuminate/Http/Request))
#49 C:/projetos/gestao-financeira/vendor/laravel/framework/src/Illuminate/Pipeline/Pipeline.php(219): Illuminate/Http/Middleware/ValidatePostSize->handle(Object(Illuminate/Http/Request), Object(Closure))
#50 C:/projetos/gestao-financeira/vendor/laravel/framework/src/Illuminate/Foundation/Http/Middleware/PreventRequestsDuringMaintenance.php(109): Illuminate/Pipeline/Pipeline->{closure:{closure:Illuminate/Pipeline/Pipeline::carry():194}:195}(Object(Illuminate/Http/Request))
#51 C:/projetos/gestao-financeira/vendor/laravel/framework/src/Illuminate/Pipeline/Pipeline.php(219): Illuminate/Foundation/Http/Middleware/PreventRequestsDuringMaintenance->handle(Object(Illuminate/Http/Request), Object(Closure))
#52 C:/projetos/gestao-financeira/vendor/laravel/framework/src/Illuminate/Http/Middleware/HandleCors.php(61): Illuminate/Pipeline/Pipeline->{closure:{closure:Illuminate/Pipeline/Pipeline::carry():194}:195}(Object(Illuminate/Http/Request))
#53 C:/projetos/gestao-financeira/vendor/laravel/framework/src/Illuminate/Pipeline/Pipeline.php(219): Illuminate/Http/Middleware/HandleCors->handle(Object(Illuminate/Http/Request), Object(Closure))
#54 C:/projetos/gestao-financeira/vendor/laravel/framework/src/Illuminate/Http/Middleware/TrustProxies.php(58): Illuminate/Pipeline/Pipeline->{closure:{closure:Illuminate/Pipeline/Pipeline::carry():194}:195}(Object(Illuminate/Http/Request))
#55 C:/projetos/gestao-financeira/vendor/laravel/framework/src/Illuminate/Pipeline/Pipeline.php(219): Illuminate/Http/Middleware/TrustProxies->handle(Object(Illuminate/Http/Request), Object(Closure))
#56 C:/projetos/gestao-financeira/vendor/laravel/framework/src/Illuminate/Foundation/Http/Middleware/InvokeDeferredCallbacks.php(22): Illuminate/Pipeline/Pipeline->{closure:{closure:Illuminate/Pipeline/Pipeline::carry():194}:195}(Object(Illuminate/Http/Request))
#57 C:/projetos/gestao-financeira/vendor/laravel/framework/src/Illuminate/Pipeline/Pipeline.php(219): Illuminate/Foundation/Http/Middleware/InvokeDeferredCallbacks->handle(Object(Illuminate/Http/Request), Object(Closure))
#58 C:/projetos/gestao-financeira/vendor/laravel/framework/src/Illuminate/Http/Middleware/ValidatePathEncoding.php(28): Illuminate/Pipeline/Pipeline->{closure:{closure:Illuminate/Pipeline/Pipeline::carry():194}:195}(Object(Illuminate/Http/Request))
#59 C:/projetos/gestao-financeira/vendor/laravel/framework/src/Illuminate/Pipeline/Pipeline.php(219): Illuminate/Http/Middleware/ValidatePathEncoding->handle(Object(Illuminate/Http/Request), Object(Closure))
#60 C:/projetos/gestao-financeira/vendor/laravel/framework/src/Illuminate/Pipeline/Pipeline.php(137): Illuminate/Pipeline/Pipeline->{closure:{closure:Illuminate/Pipeline/Pipeline::carry():194}:195}(Object(Illuminate/Http/Request))
#61 C:/projetos/gestao-financeira/vendor/laravel/framework/src/Illuminate/Foundation/Http/Kernel.php(175): Illuminate/Pipeline/Pipeline->then(Object(Closure))
#62 C:/projetos/gestao-financeira/vendor/laravel/framework/src/Illuminate/Foundation/Http/Kernel.php(144): Illuminate/Foundation/Http/Kernel->sendRequestThroughRouter(Object(Illuminate/Http/Request))
#63 C:/projetos/gestao-financeira/vendor/laravel/framework/src/Illuminate/Foundation/Application.php(1220): Illuminate/Foundation/Http/Kernel->handle(Object(Illuminate/Http/Request))
#64 C:/projetos/gestao-financeira/public/index.php(20): Illuminate/Foundation/Application->handleRequest(Object(Illuminate/Http/Request))
#65 C:/Program Files/Herd/resources/app.asar.unpacked/resources/valet/server.php(139): require('C://projetos//ges...')
#66 {main}
"} 
[2026-08-17 15:17:42] local.INFO: [ShopeeAdsService] Consultando Ads do dia {"data":"2026-08-17"} 
[2026-08-17 15:17:42] local.INFO: ENTROU NO GET SHOPEE {"path":"/api/v2/ads/get_all_cpc_ads_hourly_performance"} 
[2026-08-17 15:17:44] local.ERROR: [ShopeeAdsService] Erro na API de Ads {"response":{"response":null,"request_id":"e3e3e7f359422fc8b6e6aca9e3766900","error":"error_param","message":"Wrong parameters. performance_date: is invalid, please pass DD-MM-YYYY format;","warning":""}} 
[2026-08-17 15:17:44] local.ERROR: Wrong parameters. performance_date: is invalid, please pass DD-MM-YYYY format; {"userId":1,"exception":"[object] (Exception(code: 0): Wrong parameters. performance_date: is invalid, please pass DD-MM-YYYY format; at C:/projetos/gestao-financeira/app/Services/Shopee/ShopeeAdsService.php:204)
[stacktrace]
#0 C:/projetos/gestao-financeira/app/Services/Shopee/ShopeeAdsService.php(51): App/Services/Shopee/ShopeeAdsService->getInvestimentoDia(Object(Illuminate/Support/Carbon))
#1 C:/projetos/gestao-financeira/app/Http/Controllers/ShopeeDashboardController.php(266): App/Services/Shopee/ShopeeAdsService->getInvestimento(Object(Illuminate/Support/Carbon), Object(Illuminate/Support/Carbon))
#2 C:/projetos/gestao-financeira/vendor/laravel/framework/src/Illuminate/Routing/ControllerDispatcher.php(46): App/Http/Controllers/ShopeeDashboardController->index(Object(Illuminate/Http/Request))
#3 C:/projetos/gestao-financeira/vendor/laravel/framework/src/Illuminate/Routing/Route.php(276): Illuminate/Routing/ControllerDispatcher->dispatch(Object(Illuminate/Routing/Route), Object(App/Http/Controllers/ShopeeDashboardController), 'index')
#4 C:/projetos/gestao-financeira/vendor/laravel/framework/src/Illuminate/Routing/Route.php(216): Illuminate/Routing/Route->runController()
#5 C:/projetos/gestao-financeira/vendor/laravel/framework/src/Illuminate/Routing/Router.php(822): Illuminate/Routing/Route->run()
#6 C:/projetos/gestao-financeira/vendor/laravel/framework/src/Illuminate/Pipeline/Pipeline.php(180): Illuminate/Routing/Router->{closure:Illuminate/Routing/Router::runRouteWithinStack():821}(Object(Illuminate/Http/Request))
#7 C:/projetos/gestao-financeira/vendor/laravel/framework/src/Illuminate/Routing/Middleware/SubstituteBindings.php(52): Illuminate/Pipeline/Pipeline->{closure:Illuminate/Pipeline/Pipeline::prepareDestination():178}(Object(Illuminate/Http/Request))
#8 C:/projetos/gestao-financeira/vendor/laravel/framework/src/Illuminate/Pipeline/Pipeline.php(219): Illuminate/Routing/Middleware/SubstituteBindings->handle(Object(Illuminate/Http/Request), Object(Closure))
#9 C:/projetos/gestao-financeira/vendor/laravel/framework/src/Illuminate/Auth/Middleware/Authenticate.php(63): Illuminate/Pipeline/Pipeline->{closure:{closure:Illuminate/Pipeline/Pipeline::carry():194}:195}(Object(Illuminate/Http/Request))
#10 C:/projetos/gestao-financeira/vendor/laravel/framework/src/Illuminate/Pipeline/Pipeline.php(219): Illuminate/Auth/Middleware/Authenticate->handle(Object(Illuminate/Http/Request), Object(Closure))
#11 C:/projetos/gestao-financeira/vendor/laravel/framework/src/Illuminate/Foundation/Http/Middleware/PreventRequestForgery.php(104): Illuminate/Pipeline/Pipeline->{closure:{closure:Illuminate/Pipeline/Pipeline::carry():194}:195}(Object(Illuminate/Http/Request))
#12 C:/projetos/gestao-financeira/vendor/laravel/framework/src/Illuminate/Pipeline/Pipeline.php(219): Illuminate/Foundation/Http/Middleware/PreventRequestForgery->handle(Object(Illuminate/Http/Request), Object(Closure))
#13 C:/projetos/gestao-financeira/vendor/laravel/framework/src/Illuminate/View/Middleware/ShareErrorsFromSession.php(48): Illuminate/Pipeline/Pipeline->{closure:{closure:Illuminate/Pipeline/Pipeline::carry():194}:195}(Object(Illuminate/Http/Request))
#14 C:/projetos/gestao-financeira/vendor/laravel/framework/src/Illuminate/Pipeline/Pipeline.php(219): Illuminate/View/Middleware/ShareErrorsFromSession->handle(Object(Illuminate/Http/Request), Object(Closure))
#15 C:/projetos/gestao-financeira/vendor/laravel/framework/src/Illuminate/Session/Middleware/StartSession.php(120): Illuminate/Pipeline/Pipeline->{closure:{closure:Illuminate/Pipeline/Pipeline::carry():194}:195}(Object(Illuminate/Http/Request))
#16 C:/projetos/gestao-financeira/vendor/laravel/framework/src/Illuminate/Session/Middleware/StartSession.php(63): Illuminate/Session/Middleware/StartSession->handleStatefulRequest(Object(Illuminate/Http/Request), Object(Illuminate/Session/Store), Object(Closure))
#17 C:/projetos/gestao-financeira/vendor/laravel/framework/src/Illuminate/Pipeline/Pipeline.php(219): Illuminate/Session/Middleware/StartSession->handle(Object(Illuminate/Http/Request), Object(Closure))
#18 C:/projetos/gestao-financeira/vendor/laravel/framework/src/Illuminate/Cookie/Middleware/AddQueuedCookiesToResponse.php(36): Illuminate/Pipeline/Pipeline->{closure:{closure:Illuminate/Pipeline/Pipeline::carry():194}:195}(Object(Illuminate/Http/Request))
#19 C:/projetos/gestao-financeira/vendor/laravel/framework/src/Illuminate/Pipeline/Pipeline.php(219): Illuminate/Cookie/Middleware/AddQueuedCookiesToResponse->handle(Object(Illuminate/Http/Request), Object(Closure))
#20 C:/projetos/gestao-financeira/vendor/laravel/framework/src/Illuminate/Cookie/Middleware/EncryptCookies.php(74): Illuminate/Pipeline/Pipeline->{closure:{closure:Illuminate/Pipeline/Pipeline::carry():194}:195}(Object(Illuminate/Http/Request))
#21 C:/projetos/gestao-financeira/vendor/laravel/framework/src/Illuminate/Pipeline/Pipeline.php(219): Illuminate/Cookie/Middleware/EncryptCookies->handle(Object(Illuminate/Http/Request), Object(Closure))
#22 C:/projetos/gestao-financeira/vendor/laravel/framework/src/Illuminate/Pipeline/Pipeline.php(137): Illuminate/Pipeline/Pipeline->{closure:{closure:Illuminate/Pipeline/Pipeline::carry():194}:195}(Object(Illuminate/Http/Request))
#23 C:/projetos/gestao-financeira/vendor/laravel/framework/src/Illuminate/Routing/Router.php(821): Illuminate/Pipeline/Pipeline->then(Object(Closure))
#24 C:/projetos/gestao-financeira/vendor/laravel/framework/src/Illuminate/Routing/Router.php(800): Illuminate/Routing/Router->runRouteWithinStack(Object(Illuminate/Routing/Route), Object(Illuminate/Http/Request))
#25 C:/projetos/gestao-financeira/vendor/laravel/framework/src/Illuminate/Routing/Router.php(764): Illuminate/Routing/Router->runRoute(Object(Illuminate/Http/Request), Object(Illuminate/Routing/Route))
#26 C:/projetos/gestao-financeira/vendor/laravel/framework/src/Illuminate/Routing/Router.php(753): Illuminate/Routing/Router->dispatchToRoute(Object(Illuminate/Http/Request))
#27 C:/projetos/gestao-financeira/vendor/laravel/framework/src/Illuminate/Foundation/Http/Kernel.php(200): Illuminate/Routing/Router->dispatch(Object(Illuminate/Http/Request))
#28 C:/projetos/gestao-financeira/vendor/laravel/framework/src/Illuminate/Pipeline/Pipeline.php(180): Illuminate/Foundation/Http/Kernel->{closure:Illuminate/Foundation/Http/Kernel::dispatchToRouter():197}(Object(Illuminate/Http/Request))
#29 C:/projetos/gestao-financeira/vendor/laravel/framework/src/Illuminate/Foundation/Http/Middleware/TransformsRequest.php(21): Illuminate/Pipeline/Pipeline->{closure:Illuminate/Pipeline/Pipeline::prepareDestination():178}(Object(Illuminate/Http/Request))
#30 C:/projetos/gestao-financeira/vendor/laravel/framework/src/Illuminate/Foundation/Http/Middleware/ConvertEmptyStringsToNull.php(31): Illuminate/Foundation/Http/Middleware/TransformsRequest->handle(Object(Illuminate/Http/Request), Object(Closure))
#31 C:/projetos/gestao-financeira/vendor/laravel/framework/src/Illuminate/Pipeline/Pipeline.php(219): Illuminate/Foundation/Http/Middleware/ConvertEmptyStringsToNull->handle(Object(Illuminate/Http/Request), Object(Closure))
#32 C:/projetos/gestao-financeira/vendor/laravel/framework/src/Illuminate/Foundation/Http/Middleware/TransformsRequest.php(21): Illuminate/Pipeline/Pipeline->{closure:{closure:Illuminate/Pipeline/Pipeline::carry():194}:195}(Object(Illuminate/Http/Request))
#33 C:/projetos/gestao-financeira/vendor/laravel/framework/src/Illuminate/Foundation/Http/Middleware/TrimStrings.php(51): Illuminate/Foundation/Http/Middleware/TransformsRequest->handle(Object(Illuminate/Http/Request), Object(Closure))
#34 C:/projetos/gestao-financeira/vendor/laravel/framework/src/Illuminate/Pipeline/Pipeline.php(219): Illuminate/Foundation/Http/Middleware/TrimStrings->handle(Object(Illuminate/Http/Request), Object(Closure))
#35 C:/projetos/gestao-financeira/vendor/laravel/framework/src/Illuminate/Http/Middleware/ValidatePostSize.php(27): Illuminate/Pipeline/Pipeline->{closure:{closure:Illuminate/Pipeline/Pipeline::carry():194}:195}(Object(Illuminate/Http/Request))
#36 C:/projetos/gestao-financeira/vendor/laravel/framework/src/Illuminate/Pipeline/Pipeline.php(219): Illuminate/Http/Middleware/ValidatePostSize->handle(Object(Illuminate/Http/Request), Object(Closure))
#37 C:/projetos/gestao-financeira/vendor/laravel/framework/src/Illuminate/Foundation/Http/Middleware/PreventRequestsDuringMaintenance.php(109): Illuminate/Pipeline/Pipeline->{closure:{closure:Illuminate/Pipeline/Pipeline::carry():194}:195}(Object(Illuminate/Http/Request))
#38 C:/projetos/gestao-financeira/vendor/laravel/framework/src/Illuminate/Pipeline/Pipeline.php(219): Illuminate/Foundation/Http/Middleware/PreventRequestsDuringMaintenance->handle(Object(Illuminate/Http/Request), Object(Closure))
#39 C:/projetos/gestao-financeira/vendor/laravel/framework/src/Illuminate/Http/Middleware/HandleCors.php(61): Illuminate/Pipeline/Pipeline->{closure:{closure:Illuminate/Pipeline/Pipeline::carry():194}:195}(Object(Illuminate/Http/Request))
#40 C:/projetos/gestao-financeira/vendor/laravel/framework/src/Illuminate/Pipeline/Pipeline.php(219): Illuminate/Http/Middleware/HandleCors->handle(Object(Illuminate/Http/Request), Object(Closure))
#41 C:/projetos/gestao-financeira/vendor/laravel/framework/src/Illuminate/Http/Middleware/TrustProxies.php(58): Illuminate/Pipeline/Pipeline->{closure:{closure:Illuminate/Pipeline/Pipeline::carry():194}:195}(Object(Illuminate/Http/Request))
#42 C:/projetos/gestao-financeira/vendor/laravel/framework/src/Illuminate/Pipeline/Pipeline.php(219): Illuminate/Http/Middleware/TrustProxies->handle(Object(Illuminate/Http/Request), Object(Closure))
#43 C:/projetos/gestao-financeira/vendor/laravel/framework/src/Illuminate/Foundation/Http/Middleware/InvokeDeferredCallbacks.php(22): Illuminate/Pipeline/Pipeline->{closure:{closure:Illuminate/Pipeline/Pipeline::carry():194}:195}(Object(Illuminate/Http/Request))
#44 C:/projetos/gestao-financeira/vendor/laravel/framework/src/Illuminate/Pipeline/Pipeline.php(219): Illuminate/Foundation/Http/Middleware/InvokeDeferredCallbacks->handle(Object(Illuminate/Http/Request), Object(Closure))
#45 C:/projetos/gestao-financeira/vendor/laravel/framework/src/Illuminate/Http/Middleware/ValidatePathEncoding.php(28): Illuminate/Pipeline/Pipeline->{closure:{closure:Illuminate/Pipeline/Pipeline::carry():194}:195}(Object(Illuminate/Http/Request))
#46 C:/projetos/gestao-financeira/vendor/laravel/framework/src/Illuminate/Pipeline/Pipeline.php(219): Illuminate/Http/Middleware/ValidatePathEncoding->handle(Object(Illuminate/Http/Request), Object(Closure))
#47 C:/projetos/gestao-financeira/vendor/laravel/framework/src/Illuminate/Pipeline/Pipeline.php(137): Illuminate/Pipeline/Pipeline->{closure:{closure:Illuminate/Pipeline/Pipeline::carry():194}:195}(Object(Illuminate/Http/Request))
#48 C:/projetos/gestao-financeira/vendor/laravel/framework/src/Illuminate/Foundation/Http/Kernel.php(175): Illuminate/Pipeline/Pipeline->then(Object(Closure))
#49 C:/projetos/gestao-financeira/vendor/laravel/framework/src/Illuminate/Foundation/Http/Kernel.php(144): Illuminate/Foundation/Http/Kernel->sendRequestThroughRouter(Object(Illuminate/Http/Request))
#50 C:/projetos/gestao-financeira/vendor/laravel/framework/src/Illuminate/Foundation/Application.php(1220): Illuminate/Foundation/Http/Kernel->handle(Object(Illuminate/Http/Request))
#51 C:/projetos/gestao-financeira/public/index.php(20): Illuminate/Foundation/Application->handleRequest(Object(Illuminate/Http/Request))
#52 C:/Program Files/Herd/resources/app.asar.unpacked/resources/valet/server.php(139): require('C://projetos//ges...')
#53 {main}
"} 
[2026-08-17 15:17:56] local.INFO: [ShopeeAdsService] Consultando Ads {"data_inicio":"2026-08-15","data_fim":"2026-08-17"} 
[2026-08-17 15:17:56] local.INFO: ENTROU NO GET SHOPEE {"path":"/api/v2/ads/get_all_cpc_ads_daily_performance"} 
[2026-08-17 15:17:57] local.ERROR: [ShopeeAdsService] Erro na API de Ads {"response":{"response":null,"request_id":"e3e3e7f359423095303ce506cc1bb800","error":"error_param","message":"Wrong parameters. start_date: is invalid, please pass DD-MM-YYYY format; end_date: is invalid, please pass DD-MM-YYYY format;","warning":""}} 
[2026-08-17 15:17:57] local.ERROR: Wrong parameters. start_date: is invalid, please pass DD-MM-YYYY format; end_date: is invalid, please pass DD-MM-YYYY format; {"userId":1,"exception":"[object] (Exception(code: 0): Wrong parameters. start_date: is invalid, please pass DD-MM-YYYY format; end_date: is invalid, please pass DD-MM-YYYY format; at C:/projetos/gestao-financeira/app/Services/Shopee/ShopeeAdsService.php:149)
[stacktrace]
#0 C:/projetos/gestao-financeira/app/Services/Shopee/ShopeeAdsService.php(85): App/Services/Shopee/ShopeeAdsService->getInvestimentoPeriodo(Object(Carbon/Carbon), Object(Carbon/Carbon))
#1 C:/projetos/gestao-financeira/app/Http/Controllers/ShopeeDashboardController.php(266): App/Services/Shopee/ShopeeAdsService->getInvestimento(Object(Carbon/Carbon), Object(Carbon/Carbon))
#2 C:/projetos/gestao-financeira/vendor/laravel/framework/src/Illuminate/Routing/ControllerDispatcher.php(46): App/Http/Controllers/ShopeeDashboardController->index(Object(Illuminate/Http/Request))
#3 C:/projetos/gestao-financeira/vendor/laravel/framework/src/Illuminate/Routing/Route.php(276): Illuminate/Routing/ControllerDispatcher->dispatch(Object(Illuminate/Routing/Route), Object(App/Http/Controllers/ShopeeDashboardController), 'index')
#4 C:/projetos/gestao-financeira/vendor/laravel/framework/src/Illuminate/Routing/Route.php(216): Illuminate/Routing/Route->runController()
#5 C:/projetos/gestao-financeira/vendor/laravel/framework/src/Illuminate/Routing/Router.php(822): Illuminate/Routing/Route->run()
#6 C:/projetos/gestao-financeira/vendor/laravel/framework/src/Illuminate/Pipeline/Pipeline.php(180): Illuminate/Routing/Router->{closure:Illuminate/Routing/Router::runRouteWithinStack():821}(Object(Illuminate/Http/Request))
#7 C:/projetos/gestao-financeira/vendor/laravel/framework/src/Illuminate/Routing/Middleware/SubstituteBindings.php(52): Illuminate/Pipeline/Pipeline->{closure:Illuminate/Pipeline/Pipeline::prepareDestination():178}(Object(Illuminate/Http/Request))
#8 C:/projetos/gestao-financeira/vendor/laravel/framework/src/Illuminate/Pipeline/Pipeline.php(219): Illuminate/Routing/Middleware/SubstituteBindings->handle(Object(Illuminate/Http/Request), Object(Closure))
#9 C:/projetos/gestao-financeira/vendor/laravel/framework/src/Illuminate/Auth/Middleware/Authenticate.php(63): Illuminate/Pipeline/Pipeline->{closure:{closure:Illuminate/Pipeline/Pipeline::carry():194}:195}(Object(Illuminate/Http/Request))
#10 C:/projetos/gestao-financeira/vendor/laravel/framework/src/Illuminate/Pipeline/Pipeline.php(219): Illuminate/Auth/Middleware/Authenticate->handle(Object(Illuminate/Http/Request), Object(Closure))
#11 C:/projetos/gestao-financeira/vendor/laravel/framework/src/Illuminate/Foundation/Http/Middleware/PreventRequestForgery.php(104): Illuminate/Pipeline/Pipeline->{closure:{closure:Illuminate/Pipeline/Pipeline::carry():194}:195}(Object(Illuminate/Http/Request))
#12 C:/projetos/gestao-financeira/vendor/laravel/framework/src/Illuminate/Pipeline/Pipeline.php(219): Illuminate/Foundation/Http/Middleware/PreventRequestForgery->handle(Object(Illuminate/Http/Request), Object(Closure))
#13 C:/projetos/gestao-financeira/vendor/laravel/framework/src/Illuminate/View/Middleware/ShareErrorsFromSession.php(48): Illuminate/Pipeline/Pipeline->{closure:{closure:Illuminate/Pipeline/Pipeline::carry():194}:195}(Object(Illuminate/Http/Request))
#14 C:/projetos/gestao-financeira/vendor/laravel/framework/src/Illuminate/Pipeline/Pipeline.php(219): Illuminate/View/Middleware/ShareErrorsFromSession->handle(Object(Illuminate/Http/Request), Object(Closure))
#15 C:/projetos/gestao-financeira/vendor/laravel/framework/src/Illuminate/Session/Middleware/StartSession.php(120): Illuminate/Pipeline/Pipeline->{closure:{closure:Illuminate/Pipeline/Pipeline::carry():194}:195}(Object(Illuminate/Http/Request))
#16 C:/projetos/gestao-financeira/vendor/laravel/framework/src/Illuminate/Session/Middleware/StartSession.php(63): Illuminate/Session/Middleware/StartSession->handleStatefulRequest(Object(Illuminate/Http/Request), Object(Illuminate/Session/Store), Object(Closure))
#17 C:/projetos/gestao-financeira/vendor/laravel/framework/src/Illuminate/Pipeline/Pipeline.php(219): Illuminate/Session/Middleware/StartSession->handle(Object(Illuminate/Http/Request), Object(Closure))
#18 C:/projetos/gestao-financeira/vendor/laravel/framework/src/Illuminate/Cookie/Middleware/AddQueuedCookiesToResponse.php(36): Illuminate/Pipeline/Pipeline->{closure:{closure:Illuminate/Pipeline/Pipeline::carry():194}:195}(Object(Illuminate/Http/Request))
#19 C:/projetos/gestao-financeira/vendor/laravel/framework/src/Illuminate/Pipeline/Pipeline.php(219): Illuminate/Cookie/Middleware/AddQueuedCookiesToResponse->handle(Object(Illuminate/Http/Request), Object(Closure))
#20 C:/projetos/gestao-financeira/vendor/laravel/framework/src/Illuminate/Cookie/Middleware/EncryptCookies.php(74): Illuminate/Pipeline/Pipeline->{closure:{closure:Illuminate/Pipeline/Pipeline::carry():194}:195}(Object(Illuminate/Http/Request))
#21 C:/projetos/gestao-financeira/vendor/laravel/framework/src/Illuminate/Pipeline/Pipeline.php(219): Illuminate/Cookie/Middleware/EncryptCookies->handle(Object(Illuminate/Http/Request), Object(Closure))
#22 C:/projetos/gestao-financeira/vendor/laravel/framework/src/Illuminate/Pipeline/Pipeline.php(137): Illuminate/Pipeline/Pipeline->{closure:{closure:Illuminate/Pipeline/Pipeline::carry():194}:195}(Object(Illuminate/Http/Request))
#23 C:/projetos/gestao-financeira/vendor/laravel/framework/src/Illuminate/Routing/Router.php(821): Illuminate/Pipeline/Pipeline->then(Object(Closure))
#24 C:/projetos/gestao-financeira/vendor/laravel/framework/src/Illuminate/Routing/Router.php(800): Illuminate/Routing/Router->runRouteWithinStack(Object(Illuminate/Routing/Route), Object(Illuminate/Http/Request))
#25 C:/projetos/gestao-financeira/vendor/laravel/framework/src/Illuminate/Routing/Router.php(764): Illuminate/Routing/Router->runRoute(Object(Illuminate/Http/Request), Object(Illuminate/Routing/Route))
#26 C:/projetos/gestao-financeira/vendor/laravel/framework/src/Illuminate/Routing/Router.php(753): Illuminate/Routing/Router->dispatchToRoute(Object(Illuminate/Http/Request))
#27 C:/projetos/gestao-financeira/vendor/laravel/framework/src/Illuminate/Foundation/Http/Kernel.php(200): Illuminate/Routing/Router->dispatch(Object(Illuminate/Http/Request))
#28 C:/projetos/gestao-financeira/vendor/laravel/framework/src/Illuminate/Pipeline/Pipeline.php(180): Illuminate/Foundation/Http/Kernel->{closure:Illuminate/Foundation/Http/Kernel::dispatchToRouter():197}(Object(Illuminate/Http/Request))
#29 C:/projetos/gestao-financeira/vendor/laravel/framework/src/Illuminate/Foundation/Http/Middleware/TransformsRequest.php(21): Illuminate/Pipeline/Pipeline->{closure:Illuminate/Pipeline/Pipeline::prepareDestination():178}(Object(Illuminate/Http/Request))
#30 C:/projetos/gestao-financeira/vendor/laravel/framework/src/Illuminate/Foundation/Http/Middleware/ConvertEmptyStringsToNull.php(31): Illuminate/Foundation/Http/Middleware/TransformsRequest->handle(Object(Illuminate/Http/Request), Object(Closure))
#31 C:/projetos/gestao-financeira/vendor/laravel/framework/src/Illuminate/Pipeline/Pipeline.php(219): Illuminate/Foundation/Http/Middleware/ConvertEmptyStringsToNull->handle(Object(Illuminate/Http/Request), Object(Closure))
#32 C:/projetos/gestao-financeira/vendor/laravel/framework/src/Illuminate/Foundation/Http/Middleware/TransformsRequest.php(21): Illuminate/Pipeline/Pipeline->{closure:{closure:Illuminate/Pipeline/Pipeline::carry():194}:195}(Object(Illuminate/Http/Request))
#33 C:/projetos/gestao-financeira/vendor/laravel/framework/src/Illuminate/Foundation/Http/Middleware/TrimStrings.php(51): Illuminate/Foundation/Http/Middleware/TransformsRequest->handle(Object(Illuminate/Http/Request), Object(Closure))
#34 C:/projetos/gestao-financeira/vendor/laravel/framework/src/Illuminate/Pipeline/Pipeline.php(219): Illuminate/Foundation/Http/Middleware/TrimStrings->handle(Object(Illuminate/Http/Request), Object(Closure))
#35 C:/projetos/gestao-financeira/vendor/laravel/framework/src/Illuminate/Http/Middleware/ValidatePostSize.php(27): Illuminate/Pipeline/Pipeline->{closure:{closure:Illuminate/Pipeline/Pipeline::carry():194}:195}(Object(Illuminate/Http/Request))
#36 C:/projetos/gestao-financeira/vendor/laravel/framework/src/Illuminate/Pipeline/Pipeline.php(219): Illuminate/Http/Middleware/ValidatePostSize->handle(Object(Illuminate/Http/Request), Object(Closure))
#37 C:/projetos/gestao-financeira/vendor/laravel/framework/src/Illuminate/Foundation/Http/Middleware/PreventRequestsDuringMaintenance.php(109): Illuminate/Pipeline/Pipeline->{closure:{closure:Illuminate/Pipeline/Pipeline::carry():194}:195}(Object(Illuminate/Http/Request))
#38 C:/projetos/gestao-financeira/vendor/laravel/framework/src/Illuminate/Pipeline/Pipeline.php(219): Illuminate/Foundation/Http/Middleware/PreventRequestsDuringMaintenance->handle(Object(Illuminate/Http/Request), Object(Closure))
#39 C:/projetos/gestao-financeira/vendor/laravel/framework/src/Illuminate/Http/Middleware/HandleCors.php(61): Illuminate/Pipeline/Pipeline->{closure:{closure:Illuminate/Pipeline/Pipeline::carry():194}:195}(Object(Illuminate/Http/Request))
#40 C:/projetos/gestao-financeira/vendor/laravel/framework/src/Illuminate/Pipeline/Pipeline.php(219): Illuminate/Http/Middleware/HandleCors->handle(Object(Illuminate/Http/Request), Object(Closure))
#41 C:/projetos/gestao-financeira/vendor/laravel/framework/src/Illuminate/Http/Middleware/TrustProxies.php(58): Illuminate/Pipeline/Pipeline->{closure:{closure:Illuminate/Pipeline/Pipeline::carry():194}:195}(Object(Illuminate/Http/Request))
#42 C:/projetos/gestao-financeira/vendor/laravel/framework/src/Illuminate/Pipeline/Pipeline.php(219): Illuminate/Http/Middleware/TrustProxies->handle(Object(Illuminate/Http/Request), Object(Closure))
#43 C:/projetos/gestao-financeira/vendor/laravel/framework/src/Illuminate/Foundation/Http/Middleware/InvokeDeferredCallbacks.php(22): Illuminate/Pipeline/Pipeline->{closure:{closure:Illuminate/Pipeline/Pipeline::carry():194}:195}(Object(Illuminate/Http/Request))
#44 C:/projetos/gestao-financeira/vendor/laravel/framework/src/Illuminate/Pipeline/Pipeline.php(219): Illuminate/Foundation/Http/Middleware/InvokeDeferredCallbacks->handle(Object(Illuminate/Http/Request), Object(Closure))
#45 C:/projetos/gestao-financeira/vendor/laravel/framework/src/Illuminate/Http/Middleware/ValidatePathEncoding.php(28): Illuminate/Pipeline/Pipeline->{closure:{closure:Illuminate/Pipeline/Pipeline::carry():194}:195}(Object(Illuminate/Http/Request))
#46 C:/projetos/gestao-financeira/vendor/laravel/framework/src/Illuminate/Pipeline/Pipeline.php(219): Illuminate/Http/Middleware/ValidatePathEncoding->handle(Object(Illuminate/Http/Request), Object(Closure))
#47 C:/projetos/gestao-financeira/vendor/laravel/framework/src/Illuminate/Pipeline/Pipeline.php(137): Illuminate/Pipeline/Pipeline->{closure:{closure:Illuminate/Pipeline/Pipeline::carry():194}:195}(Object(Illuminate/Http/Request))
#48 C:/projetos/gestao-financeira/vendor/laravel/framework/src/Illuminate/Foundation/Http/Kernel.php(175): Illuminate/Pipeline/Pipeline->then(Object(Closure))
#49 C:/projetos/gestao-financeira/vendor/laravel/framework/src/Illuminate/Foundation/Http/Kernel.php(144): Illuminate/Foundation/Http/Kernel->sendRequestThroughRouter(Object(Illuminate/Http/Request))
#50 C:/projetos/gestao-financeira/vendor/laravel/framework/src/Illuminate/Foundation/Application.php(1220): Illuminate/Foundation/Http/Kernel->handle(Object(Illuminate/Http/Request))
#51 C:/projetos/gestao-financeira/public/index.php(20): Illuminate/Foundation/Application->handleRequest(Object(Illuminate/Http/Request))
#52 C:/Program Files/Herd/resources/app.asar.unpacked/resources/valet/server.php(139): require('C://projetos//ges...')
#53 {main}
"} 
[2026-08-17 15:18:04] local.INFO: [ShopeeAdsService] Consultando Ads do dia {"data":"2026-08-17"} 
[2026-08-17 15:18:04] local.INFO: ENTROU NO GET SHOPEE {"path":"/api/v2/ads/get_all_cpc_ads_hourly_performance"} 
[2026-08-17 15:18:05] local.ERROR: [ShopeeAdsService] Erro na API de Ads {"response":{"response":null,"request_id":"e3e3e7f359423113821bc9132a2c1300","error":"error_param","message":"Wrong parameters. performance_date: is invalid, please pass DD-MM-YYYY format;","warning":""}} 
[2026-08-17 15:18:05] local.ERROR: Wrong parameters. performance_date: is invalid, please pass DD-MM-YYYY format; {"userId":1,"exception":"[object] (Exception(code: 0): Wrong parameters. performance_date: is invalid, please pass DD-MM-YYYY format; at C:/projetos/gestao-financeira/app/Services/Shopee/ShopeeAdsService.php:204)
[stacktrace]
#0 C:/projetos/gestao-financeira/app/Services/Shopee/ShopeeAdsService.php(51): App/Services/Shopee/ShopeeAdsService->getInvestimentoDia(Object(Illuminate/Support/Carbon))
#1 C:/projetos/gestao-financeira/app/Http/Controllers/ShopeeDashboardController.php(266): App/Services/Shopee/ShopeeAdsService->getInvestimento(Object(Illuminate/Support/Carbon), Object(Illuminate/Support/Carbon))
#2 C:/projetos/gestao-financeira/vendor/laravel/framework/src/Illuminate/Routing/ControllerDispatcher.php(46): App/Http/Controllers/ShopeeDashboardController->index(Object(Illuminate/Http/Request))
#3 C:/projetos/gestao-financeira/vendor/laravel/framework/src/Illuminate/Routing/Route.php(276): Illuminate/Routing/ControllerDispatcher->dispatch(Object(Illuminate/Routing/Route), Object(App/Http/Controllers/ShopeeDashboardController), 'index')
#4 C:/projetos/gestao-financeira/vendor/laravel/framework/src/Illuminate/Routing/Route.php(216): Illuminate/Routing/Route->runController()
#5 C:/projetos/gestao-financeira/vendor/laravel/framework/src/Illuminate/Routing/Router.php(822): Illuminate/Routing/Route->run()
#6 C:/projetos/gestao-financeira/vendor/laravel/framework/src/Illuminate/Pipeline/Pipeline.php(180): Illuminate/Routing/Router->{closure:Illuminate/Routing/Router::runRouteWithinStack():821}(Object(Illuminate/Http/Request))
#7 C:/projetos/gestao-financeira/vendor/laravel/framework/src/Illuminate/Routing/Middleware/SubstituteBindings.php(52): Illuminate/Pipeline/Pipeline->{closure:Illuminate/Pipeline/Pipeline::prepareDestination():178}(Object(Illuminate/Http/Request))
#8 C:/projetos/gestao-financeira/vendor/laravel/framework/src/Illuminate/Pipeline/Pipeline.php(219): Illuminate/Routing/Middleware/SubstituteBindings->handle(Object(Illuminate/Http/Request), Object(Closure))
#9 C:/projetos/gestao-financeira/vendor/laravel/framework/src/Illuminate/Auth/Middleware/Authenticate.php(63): Illuminate/Pipeline/Pipeline->{closure:{closure:Illuminate/Pipeline/Pipeline::carry():194}:195}(Object(Illuminate/Http/Request))
#10 C:/projetos/gestao-financeira/vendor/laravel/framework/src/Illuminate/Pipeline/Pipeline.php(219): Illuminate/Auth/Middleware/Authenticate->handle(Object(Illuminate/Http/Request), Object(Closure))
#11 C:/projetos/gestao-financeira/vendor/laravel/framework/src/Illuminate/Foundation/Http/Middleware/PreventRequestForgery.php(104): Illuminate/Pipeline/Pipeline->{closure:{closure:Illuminate/Pipeline/Pipeline::carry():194}:195}(Object(Illuminate/Http/Request))
#12 C:/projetos/gestao-financeira/vendor/laravel/framework/src/Illuminate/Pipeline/Pipeline.php(219): Illuminate/Foundation/Http/Middleware/PreventRequestForgery->handle(Object(Illuminate/Http/Request), Object(Closure))
#13 C:/projetos/gestao-financeira/vendor/laravel/framework/src/Illuminate/View/Middleware/ShareErrorsFromSession.php(48): Illuminate/Pipeline/Pipeline->{closure:{closure:Illuminate/Pipeline/Pipeline::carry():194}:195}(Object(Illuminate/Http/Request))
#14 C:/projetos/gestao-financeira/vendor/laravel/framework/src/Illuminate/Pipeline/Pipeline.php(219): Illuminate/View/Middleware/ShareErrorsFromSession->handle(Object(Illuminate/Http/Request), Object(Closure))
#15 C:/projetos/gestao-financeira/vendor/laravel/framework/src/Illuminate/Session/Middleware/StartSession.php(120): Illuminate/Pipeline/Pipeline->{closure:{closure:Illuminate/Pipeline/Pipeline::carry():194}:195}(Object(Illuminate/Http/Request))
#16 C:/projetos/gestao-financeira/vendor/laravel/framework/src/Illuminate/Session/Middleware/StartSession.php(63): Illuminate/Session/Middleware/StartSession->handleStatefulRequest(Object(Illuminate/Http/Request), Object(Illuminate/Session/Store), Object(Closure))
#17 C:/projetos/gestao-financeira/vendor/laravel/framework/src/Illuminate/Pipeline/Pipeline.php(219): Illuminate/Session/Middleware/StartSession->handle(Object(Illuminate/Http/Request), Object(Closure))
#18 C:/projetos/gestao-financeira/vendor/laravel/framework/src/Illuminate/Cookie/Middleware/AddQueuedCookiesToResponse.php(36): Illuminate/Pipeline/Pipeline->{closure:{closure:Illuminate/Pipeline/Pipeline::carry():194}:195}(Object(Illuminate/Http/Request))
#19 C:/projetos/gestao-financeira/vendor/laravel/framework/src/Illuminate/Pipeline/Pipeline.php(219): Illuminate/Cookie/Middleware/AddQueuedCookiesToResponse->handle(Object(Illuminate/Http/Request), Object(Closure))
#20 C:/projetos/gestao-financeira/vendor/laravel/framework/src/Illuminate/Cookie/Middleware/EncryptCookies.php(74): Illuminate/Pipeline/Pipeline->{closure:{closure:Illuminate/Pipeline/Pipeline::carry():194}:195}(Object(Illuminate/Http/Request))
#21 C:/projetos/gestao-financeira/vendor/laravel/framework/src/Illuminate/Pipeline/Pipeline.php(219): Illuminate/Cookie/Middleware/EncryptCookies->handle(Object(Illuminate/Http/Request), Object(Closure))
#22 C:/projetos/gestao-financeira/vendor/laravel/framework/src/Illuminate/Pipeline/Pipeline.php(137): Illuminate/Pipeline/Pipeline->{closure:{closure:Illuminate/Pipeline/Pipeline::carry():194}:195}(Object(Illuminate/Http/Request))
#23 C:/projetos/gestao-financeira/vendor/laravel/framework/src/Illuminate/Routing/Router.php(821): Illuminate/Pipeline/Pipeline->then(Object(Closure))
#24 C:/projetos/gestao-financeira/vendor/laravel/framework/src/Illuminate/Routing/Router.php(800): Illuminate/Routing/Router->runRouteWithinStack(Object(Illuminate/Routing/Route), Object(Illuminate/Http/Request))
#25 C:/projetos/gestao-financeira/vendor/laravel/framework/src/Illuminate/Routing/Router.php(764): Illuminate/Routing/Router->runRoute(Object(Illuminate/Http/Request), Object(Illuminate/Routing/Route))
#26 C:/projetos/gestao-financeira/vendor/laravel/framework/src/Illuminate/Routing/Router.php(753): Illuminate/Routing/Router->dispatchToRoute(Object(Illuminate/Http/Request))
#27 C:/projetos/gestao-financeira/vendor/laravel/framework/src/Illuminate/Foundation/Http/Kernel.php(200): Illuminate/Routing/Router->dispatch(Object(Illuminate/Http/Request))
#28 C:/projetos/gestao-financeira/vendor/laravel/framework/src/Illuminate/Pipeline/Pipeline.php(180): Illuminate/Foundation/Http/Kernel->{closure:Illuminate/Foundation/Http/Kernel::dispatchToRouter():197}(Object(Illuminate/Http/Request))
#29 C:/projetos/gestao-financeira/vendor/laravel/framework/src/Illuminate/Foundation/Http/Middleware/TransformsRequest.php(21): Illuminate/Pipeline/Pipeline->{closure:Illuminate/Pipeline/Pipeline::prepareDestination():178}(Object(Illuminate/Http/Request))
#30 C:/projetos/gestao-financeira/vendor/laravel/framework/src/Illuminate/Foundation/Http/Middleware/ConvertEmptyStringsToNull.php(31): Illuminate/Foundation/Http/Middleware/TransformsRequest->handle(Object(Illuminate/Http/Request), Object(Closure))
#31 C:/projetos/gestao-financeira/vendor/laravel/framework/src/Illuminate/Pipeline/Pipeline.php(219): Illuminate/Foundation/Http/Middleware/ConvertEmptyStringsToNull->handle(Object(Illuminate/Http/Request), Object(Closure))
#32 C:/projetos/gestao-financeira/vendor/laravel/framework/src/Illuminate/Foundation/Http/Middleware/TransformsRequest.php(21): Illuminate/Pipeline/Pipeline->{closure:{closure:Illuminate/Pipeline/Pipeline::carry():194}:195}(Object(Illuminate/Http/Request))
#33 C:/projetos/gestao-financeira/vendor/laravel/framework/src/Illuminate/Foundation/Http/Middleware/TrimStrings.php(51): Illuminate/Foundation/Http/Middleware/TransformsRequest->handle(Object(Illuminate/Http/Request), Object(Closure))
#34 C:/projetos/gestao-financeira/vendor/laravel/framework/src/Illuminate/Pipeline/Pipeline.php(219): Illuminate/Foundation/Http/Middleware/TrimStrings->handle(Object(Illuminate/Http/Request), Object(Closure))
#35 C:/projetos/gestao-financeira/vendor/laravel/framework/src/Illuminate/Http/Middleware/ValidatePostSize.php(27): Illuminate/Pipeline/Pipeline->{closure:{closure:Illuminate/Pipeline/Pipeline::carry():194}:195}(Object(Illuminate/Http/Request))
#36 C:/projetos/gestao-financeira/vendor/laravel/framework/src/Illuminate/Pipeline/Pipeline.php(219): Illuminate/Http/Middleware/ValidatePostSize->handle(Object(Illuminate/Http/Request), Object(Closure))
#37 C:/projetos/gestao-financeira/vendor/laravel/framework/src/Illuminate/Foundation/Http/Middleware/PreventRequestsDuringMaintenance.php(109): Illuminate/Pipeline/Pipeline->{closure:{closure:Illuminate/Pipeline/Pipeline::carry():194}:195}(Object(Illuminate/Http/Request))
#38 C:/projetos/gestao-financeira/vendor/laravel/framework/src/Illuminate/Pipeline/Pipeline.php(219): Illuminate/Foundation/Http/Middleware/PreventRequestsDuringMaintenance->handle(Object(Illuminate/Http/Request), Object(Closure))
#39 C:/projetos/gestao-financeira/vendor/laravel/framework/src/Illuminate/Http/Middleware/HandleCors.php(61): Illuminate/Pipeline/Pipeline->{closure:{closure:Illuminate/Pipeline/Pipeline::carry():194}:195}(Object(Illuminate/Http/Request))
#40 C:/projetos/gestao-financeira/vendor/laravel/framework/src/Illuminate/Pipeline/Pipeline.php(219): Illuminate/Http/Middleware/HandleCors->handle(Object(Illuminate/Http/Request), Object(Closure))
#41 C:/projetos/gestao-financeira/vendor/laravel/framework/src/Illuminate/Http/Middleware/TrustProxies.php(58): Illuminate/Pipeline/Pipeline->{closure:{closure:Illuminate/Pipeline/Pipeline::carry():194}:195}(Object(Illuminate/Http/Request))
#42 C:/projetos/gestao-financeira/vendor/laravel/framework/src/Illuminate/Pipeline/Pipeline.php(219): Illuminate/Http/Middleware/TrustProxies->handle(Object(Illuminate/Http/Request), Object(Closure))
#43 C:/projetos/gestao-financeira/vendor/laravel/framework/src/Illuminate/Foundation/Http/Middleware/InvokeDeferredCallbacks.php(22): Illuminate/Pipeline/Pipeline->{closure:{closure:Illuminate/Pipeline/Pipeline::carry():194}:195}(Object(Illuminate/Http/Request))
#44 C:/projetos/gestao-financeira/vendor/laravel/framework/src/Illuminate/Pipeline/Pipeline.php(219): Illuminate/Foundation/Http/Middleware/InvokeDeferredCallbacks->handle(Object(Illuminate/Http/Request), Object(Closure))
#45 C:/projetos/gestao-financeira/vendor/laravel/framework/src/Illuminate/Http/Middleware/ValidatePathEncoding.php(28): Illuminate/Pipeline/Pipeline->{closure:{closure:Illuminate/Pipeline/Pipeline::carry():194}:195}(Object(Illuminate/Http/Request))
#46 C:/projetos/gestao-financeira/vendor/laravel/framework/src/Illuminate/Pipeline/Pipeline.php(219): Illuminate/Http/Middleware/ValidatePathEncoding->handle(Object(Illuminate/Http/Request), Object(Closure))
#47 C:/projetos/gestao-financeira/vendor/laravel/framework/src/Illuminate/Pipeline/Pipeline.php(137): Illuminate/Pipeline/Pipeline->{closure:{closure:Illuminate/Pipeline/Pipeline::carry():194}:195}(Object(Illuminate/Http/Request))
#48 C:/projetos/gestao-financeira/vendor/laravel/framework/src/Illuminate/Foundation/Http/Kernel.php(175): Illuminate/Pipeline/Pipeline->then(Object(Closure))
#49 C:/projetos/gestao-financeira/vendor/laravel/framework/src/Illuminate/Foundation/Http/Kernel.php(144): Illuminate/Foundation/Http/Kernel->sendRequestThroughRouter(Object(Illuminate/Http/Request))
#50 C:/projetos/gestao-financeira/vendor/laravel/framework/src/Illuminate/Foundation/Application.php(1220): Illuminate/Foundation/Http/Kernel->handle(Object(Illuminate/Http/Request))
#51 C:/projetos/gestao-financeira/public/index.php(20): Illuminate/Foundation/Application->handleRequest(Object(Illuminate/Http/Request))
#52 C:/Program Files/Herd/resources/app.asar.unpacked/resources/valet/server.php(139): require('C://projetos//ges...')
#53 {main}
"} 
[2026-08-17 15:19:13] local.INFO: [ShopeeAdsService] Consultando Ads do dia {"data":"2026-08-17"} 
[2026-08-17 15:19:13] local.INFO: ENTROU NO GET SHOPEE {"path":"/api/v2/ads/get_all_cpc_ads_hourly_performance"} 
[2026-08-17 15:19:15] local.INFO: [ShopeeAdsService] Resposta Ads {"response":{"response":[{"date":"17-08-2026","impression":235,"clicks":9,"ctr":0.0383,"direct_order":1,"broad_order":1,"direct_conversions":0.1111,"broad_conversions":0.1111,"direct_item_sold":1,"broad_item_sold":1,"direct_gmv":11.34,"broad_gmv":11.34,"expense":0.61,"cost_per_conversion":0.61,"direct_roas":18.6,"broad_roas":18.6,"hour":0},{"date":"17-08-2026","impression":82,"clicks":4,"ctr":0.0488,"direct_order":0,"broad_order":0,"direct_conversions":0,"broad_conversions":0,"direct_item_sold":0,"broad_item_sold":0,"direct_gmv":0,"broad_gmv":0,"expense":0.77,"cost_per_conversion":0,"direct_roas":0,"broad_roas":0,"hour":1},{"date":"17-08-2026","impression":15,"clicks":0,"ctr":0,"direct_order":0,"broad_order":0,"direct_conversions":0,"broad_conversions":0,"direct_item_sold":0,"broad_item_sold":0,"direct_gmv":0,"broad_gmv":0,"expense":0.06,"cost_per_conversion":0,"direct_roas":0,"broad_roas":0,"hour":2},{"date":"17-08-2026","impression":11,"clicks":0,"ctr":0,"direct_order":0,"broad_order":0,"direct_conversions":0,"broad_conversions":0,"direct_item_sold":0,"broad_item_sold":0,"direct_gmv":0,"broad_gmv":0,"expense":0.01,"cost_per_conversion":0,"direct_roas":0,"broad_roas":0,"hour":3},{"date":"17-08-2026","impression":18,"clicks":1,"ctr":0.0556,"direct_order":0,"broad_order":0,"direct_conversions":0,"broad_conversions":0,"direct_item_sold":0,"broad_item_sold":0,"direct_gmv":0,"broad_gmv":0,"expense":0.02,"cost_per_conversion":0,"direct_roas":0,"broad_roas":0,"hour":4},{"date":"17-08-2026","impression":23,"clicks":1,"ctr":0.0435,"direct_order":1,"broad_order":1,"direct_conversions":1,"broad_conversions":1,"direct_item_sold":1,"broad_item_sold":1,"direct_gmv":31.41,"broad_gmv":31.41,"expense":0.02,"cost_per_conversion":0.02,"direct_roas":1260.94,"broad_roas":1260.94,"hour":5},{"date":"17-08-2026","impression":45,"clicks":5,"ctr":0.1111,"direct_order":1,"broad_order":1,"direct_conversions":0.2,"broad_conversions":0.2,"direct_item_sold":1,"broad_item_sold":1,"direct_gmv":31.41,"broad_gmv":31.41,"expense":0.34,"cost_per_conversion":0.34,"direct_roas":91.64,"broad_roas":91.64,"hour":6},{"date":"17-08-2026","impression":11,"clicks":0,"ctr":0,"direct_order":0,"broad_order":0,"direct_conversions":0,"broad_conversions":0,"direct_item_sold":0,"broad_item_sold":0,"direct_gmv":0,"broad_gmv":0,"expense":0,"cost_per_conversion":0,"direct_roas":0,"broad_roas":0,"hour":7},{"date":"17-08-2026","impression":18,"clicks":0,"ctr":0,"direct_order":0,"broad_order":0,"direct_conversions":0,"broad_conversions":0,"direct_item_sold":0,"broad_item_sold":0,"direct_gmv":0,"broad_gmv":0,"expense":0,"cost_per_conversion":0,"direct_roas":0,"broad_roas":0,"hour":8},{"date":"17-08-2026","impression":100,"clicks":5,"ctr":0.05,"direct_order":0,"broad_order":0,"direct_conversions":0,"broad_conversions":0,"direct_item_sold":0,"broad_item_sold":0,"direct_gmv":0,"broad_gmv":0,"expense":0.28,"cost_per_conversion":0,"direct_roas":0,"broad_roas":0,"hour":9},{"date":"17-08-2026","impression":640,"clicks":23,"ctr":0.0359,"direct_order":0,"broad_order":0,"direct_conversions":0,"broad_conversions":0,"direct_item_sold":0,"broad_item_sold":0,"direct_gmv":0,"broad_gmv":0,"expense":2.4,"cost_per_conversion":0,"direct_roas":0,"broad_roas":0,"hour":10},{"date":"17-08-2026","impression":620,"clicks":22,"ctr":0.0355,"direct_order":0,"broad_order":0,"direct_conversions":0,"broad_conversions":0,"direct_item_sold":0,"broad_item_sold":0,"direct_gmv":0,"broad_gmv":0,"expense":2.9,"cost_per_conversion":0,"direct_roas":0,"broad_roas":0,"hour":11},{"date":"17-08-2026","impression":553,"clicks":18,"ctr":0.0325,"direct_order":1,"broad_order":1,"direct_conversions":0.0556,"broad_conversions":0.0556,"direct_item_sold":1,"broad_item_sold":1,"direct_gmv":11.34,"broad_gmv":11.34,"expense":1.22,"cost_per_conversion":1.22,"direct_roas":9.31,"broad_roas":9.31,"hour":12},{"date":"17-08-2026","impression":576,"clicks":24,"ctr":0.0417,"direct_order":0,"broad_order":0,"direct_conversions":0,"broad_conversions":0,"direct_item_sold":0,"broad_item_sold":0,"direct_gmv":0,"broad_gmv":0,"expense":3.11,"cost_per_conversion":0,"direct_roas":0,"broad_roas":0,"hour":13},{"date":"17-08-2026","impression":632,"clicks":12,"ctr":0.019,"direct_order":1,"broad_order":1,"direct_conversions":0.0833,"broad_conversions":0.0833,"direct_item_sold":1,"broad_item_sold":1,"direct_gmv":27.93,"broad_gmv":27.93,"expense":6.93,"cost_per_conversion":6.93,"direct_roas":4.03,"broad_roas":4.03,"hour":14},{"date":"17-08-2026","impression":189,"clicks":5,"ctr":0.0265,"direct_order":0,"broad_order":0,"direct_conversions":0,"broad_conversions":0,"direct_item_sold":0,"broad_item_sold":0,"direct_gmv":0,"broad_gmv":0,"expense":0.81,"cost_per_conversion":0,"direct_roas":0,"broad_roas":0,"hour":15}],"request_id":"e3e3e7f359423533f04f227f89c8d900","error":"","message":"","warning":""}} 
[2026-08-17 15:20:03] local.INFO: ENTROU NO GET SHOPEE {"path":"/api/v2/ads/get_all_cpc_ads_hourly_performance"} 
[2026-08-17 15:21:29] local.INFO: ENTROU NO GET SHOPEE {"path":"/api/v2/ads/get_all_cpc_ads_hourly_performance"} 
[2026-08-17 15:23:22] local.INFO: ENTROU NO GET SHOPEE {"path":"/api/v2/ads/get_all_cpc_ads_hourly_performance"} 
[2026-08-17 15:27:12] local.INFO: [ShopeeAdsService] Consultando Ads do dia {"data":"2026-08-17"} 
[2026-08-17 15:27:12] local.INFO: ENTROU NO GET SHOPEE {"path":"/api/v2/ads/get_all_cpc_ads_hourly_performance"} 
[2026-08-17 15:28:55] local.INFO: [ShopeeAdsService] Consultando Ads do dia {"data":"2026-08-16"} 
[2026-08-17 15:28:55] local.INFO: ENTROU NO GET SHOPEE {"path":"/api/v2/ads/get_all_cpc_ads_hourly_performance"} 
[2026-08-17 15:29:13] local.INFO: [ShopeeAdsService] Consultando Ads {"data_inicio":"2026-08-15","data_fim":"2026-08-17"} 
[2026-08-17 15:29:13] local.INFO: ENTROU NO GET SHOPEE {"path":"/api/v2/ads/get_all_cpc_ads_daily_performance"} 
[2026-08-17 15:29:14] local.ERROR: Client error: `GET https://partner.shopeemobile.com/api/v2/ads/get_all_cpc_ads_daily_performance?partner_id=2039071&timestamp=1786991353&access_token=eyJhbGciOiJIUzI1NiJ9.CJ-6fBABGKi9_u0GIAEo7o2N1AYwof3DHTgBQAFICQ._SMW56WFVLwMkHQrJy8y84Tufweqjvb1Ihk7BGdbWpU&shop_id=1841274536&sign=32151a286b1d5ec978721011be01859f381831f10c553039e23c8c1f209cf480&start_date=2026-08-15&end_date=2026-08-17` resulted in a `429 Too Many Requests` response:
{"error":"error_rate_limit","message":"Too many requests. You have reached the rate limit. Please try again later.","req (truncated...)
 {"userId":1,"exception":"[object] (GuzzleHttp\\Exception\\ClientException(code: 429): Client error: `GET https://partner.shopeemobile.com/api/v2/ads/get_all_cpc_ads_daily_performance?partner_id=2039071&timestamp=1786991353&access_token=eyJhbGciOiJIUzI1NiJ9.CJ-6fBABGKi9_u0GIAEo7o2N1AYwof3DHTgBQAFICQ._SMW56WFVLwMkHQrJy8y84Tufweqjvb1Ihk7BGdbWpU&shop_id=1841274536&sign=32151a286b1d5ec978721011be01859f381831f10c553039e23c8c1f209cf480&start_date=2026-08-15&end_date=2026-08-17` resulted in a `429 Too Many Requests` response:
{\"error\":\"error_rate_limit\",\"message\":\"Too many requests. You have reached the rate limit. Please try again later.\",\"req (truncated...)
 at C:/projetos/gestao-financeira/vendor/guzzlehttp/guzzle/src/Exception/RequestException.php:115)
[stacktrace]
#0 C:/projetos/gestao-financeira/vendor/guzzlehttp/guzzle/src/Middleware.php(72): GuzzleHttp/Exception/RequestException::create(Object(GuzzleHttp/Psr7/Request), Object(GuzzleHttp/Psr7/Response), NULL, Array, NULL)
#1 C:/projetos/gestao-financeira/vendor/guzzlehttp/promises/src/Promise.php(209): GuzzleHttp/Middleware::{closure:{closure:{closure:GuzzleHttp/Middleware::httpErrors():60}:61}:67}(Object(GuzzleHttp/Psr7/Response))
#2 C:/projetos/gestao-financeira/vendor/guzzlehttp/promises/src/Promise.php(158): GuzzleHttp/Promise/Promise::callHandler(1, Object(GuzzleHttp/Psr7/Response), NULL)
#3 C:/projetos/gestao-financeira/vendor/guzzlehttp/promises/src/TaskQueue.php(52): GuzzleHttp/Promise/Promise::{closure:GuzzleHttp/Promise/Promise::settle():156}()
#4 C:/projetos/gestao-financeira/vendor/guzzlehttp/promises/src/Promise.php(251): GuzzleHttp/Promise/TaskQueue->run(true)
#5 C:/projetos/gestao-financeira/vendor/guzzlehttp/promises/src/Promise.php(227): GuzzleHttp/Promise/Promise->invokeWaitFn()
#6 C:/projetos/gestao-financeira/vendor/guzzlehttp/promises/src/Promise.php(272): GuzzleHttp/Promise/Promise->waitIfPending()
#7 C:/projetos/gestao-financeira/vendor/guzzlehttp/promises/src/Promise.php(229): GuzzleHttp/Promise/Promise->invokeWaitList()
#8 C:/projetos/gestao-financeira/vendor/guzzlehttp/promises/src/Promise.php(69): GuzzleHttp/Promise/Promise->waitIfPending()
#9 C:/projetos/gestao-financeira/vendor/guzzlehttp/guzzle/src/Client.php(273): GuzzleHttp/Promise/Promise->wait()
#10 C:/projetos/gestao-financeira/vendor/guzzlehttp/guzzle/src/ClientTrait.php(44): GuzzleHttp/Client->request('GET', 'https://partner...', Array)
#11 C:/projetos/gestao-financeira/app/Services/Shopee/ShopeeApiService.php(152): GuzzleHttp/Client->get('https://partner...', Array)
#12 C:/projetos/gestao-financeira/app/Services/Shopee/ShopeeAdsService.php(153): App/Services/Shopee/ShopeeApiService->get('/api/v2/ads/get...', Array)
#13 C:/projetos/gestao-financeira/app/Services/Shopee/ShopeeAdsService.php(84): App/Services/Shopee/ShopeeAdsService->getInvestimentoPeriodo(Object(Carbon/Carbon), Object(Carbon/Carbon))
#14 C:/projetos/gestao-financeira/app/Http/Controllers/ShopeeDashboardController.php(369): App/Services/Shopee/ShopeeAdsService->getInvestimento(Object(Carbon/Carbon), Object(Carbon/Carbon))
#15 C:/projetos/gestao-financeira/vendor/laravel/framework/src/Illuminate/Routing/ControllerDispatcher.php(46): App/Http/Controllers/ShopeeDashboardController->index(Object(Illuminate/Http/Request))
#16 C:/projetos/gestao-financeira/vendor/laravel/framework/src/Illuminate/Routing/Route.php(276): Illuminate/Routing/ControllerDispatcher->dispatch(Object(Illuminate/Routing/Route), Object(App/Http/Controllers/ShopeeDashboardController), 'index')
#17 C:/projetos/gestao-financeira/vendor/laravel/framework/src/Illuminate/Routing/Route.php(216): Illuminate/Routing/Route->runController()
#18 C:/projetos/gestao-financeira/vendor/laravel/framework/src/Illuminate/Routing/Router.php(822): Illuminate/Routing/Route->run()
#19 C:/projetos/gestao-financeira/vendor/laravel/framework/src/Illuminate/Pipeline/Pipeline.php(180): Illuminate/Routing/Router->{closure:Illuminate/Routing/Router::runRouteWithinStack():821}(Object(Illuminate/Http/Request))
#20 C:/projetos/gestao-financeira/vendor/laravel/framework/src/Illuminate/Routing/Middleware/SubstituteBindings.php(52): Illuminate/Pipeline/Pipeline->{closure:Illuminate/Pipeline/Pipeline::prepareDestination():178}(Object(Illuminate/Http/Request))
#21 C:/projetos/gestao-financeira/vendor/laravel/framework/src/Illuminate/Pipeline/Pipeline.php(219): Illuminate/Routing/Middleware/SubstituteBindings->handle(Object(Illuminate/Http/Request), Object(Closure))
#22 C:/projetos/gestao-financeira/vendor/laravel/framework/src/Illuminate/Auth/Middleware/Authenticate.php(63): Illuminate/Pipeline/Pipeline->{closure:{closure:Illuminate/Pipeline/Pipeline::carry():194}:195}(Object(Illuminate/Http/Request))
#23 C:/projetos/gestao-financeira/vendor/laravel/framework/src/Illuminate/Pipeline/Pipeline.php(219): Illuminate/Auth/Middleware/Authenticate->handle(Object(Illuminate/Http/Request), Object(Closure))
#24 C:/projetos/gestao-financeira/vendor/laravel/framework/src/Illuminate/Foundation/Http/Middleware/PreventRequestForgery.php(104): Illuminate/Pipeline/Pipeline->{closure:{closure:Illuminate/Pipeline/Pipeline::carry():194}:195}(Object(Illuminate/Http/Request))
#25 C:/projetos/gestao-financeira/vendor/laravel/framework/src/Illuminate/Pipeline/Pipeline.php(219): Illuminate/Foundation/Http/Middleware/PreventRequestForgery->handle(Object(Illuminate/Http/Request), Object(Closure))
#26 C:/projetos/gestao-financeira/vendor/laravel/framework/src/Illuminate/View/Middleware/ShareErrorsFromSession.php(48): Illuminate/Pipeline/Pipeline->{closure:{closure:Illuminate/Pipeline/Pipeline::carry():194}:195}(Object(Illuminate/Http/Request))
#27 C:/projetos/gestao-financeira/vendor/laravel/framework/src/Illuminate/Pipeline/Pipeline.php(219): Illuminate/View/Middleware/ShareErrorsFromSession->handle(Object(Illuminate/Http/Request), Object(Closure))
#28 C:/projetos/gestao-financeira/vendor/laravel/framework/src/Illuminate/Session/Middleware/StartSession.php(120): Illuminate/Pipeline/Pipeline->{closure:{closure:Illuminate/Pipeline/Pipeline::carry():194}:195}(Object(Illuminate/Http/Request))
#29 C:/projetos/gestao-financeira/vendor/laravel/framework/src/Illuminate/Session/Middleware/StartSession.php(63): Illuminate/Session/Middleware/StartSession->handleStatefulRequest(Object(Illuminate/Http/Request), Object(Illuminate/Session/Store), Object(Closure))
#30 C:/projetos/gestao-financeira/vendor/laravel/framework/src/Illuminate/Pipeline/Pipeline.php(219): Illuminate/Session/Middleware/StartSession->handle(Object(Illuminate/Http/Request), Object(Closure))
#31 C:/projetos/gestao-financeira/vendor/laravel/framework/src/Illuminate/Cookie/Middleware/AddQueuedCookiesToResponse.php(36): Illuminate/Pipeline/Pipeline->{closure:{closure:Illuminate/Pipeline/Pipeline::carry():194}:195}(Object(Illuminate/Http/Request))
#32 C:/projetos/gestao-financeira/vendor/laravel/framework/src/Illuminate/Pipeline/Pipeline.php(219): Illuminate/Cookie/Middleware/AddQueuedCookiesToResponse->handle(Object(Illuminate/Http/Request), Object(Closure))
#33 C:/projetos/gestao-financeira/vendor/laravel/framework/src/Illuminate/Cookie/Middleware/EncryptCookies.php(74): Illuminate/Pipeline/Pipeline->{closure:{closure:Illuminate/Pipeline/Pipeline::carry():194}:195}(Object(Illuminate/Http/Request))
#34 C:/projetos/gestao-financeira/vendor/laravel/framework/src/Illuminate/Pipeline/Pipeline.php(219): Illuminate/Cookie/Middleware/EncryptCookies->handle(Object(Illuminate/Http/Request), Object(Closure))
#35 C:/projetos/gestao-financeira/vendor/laravel/framework/src/Illuminate/Pipeline/Pipeline.php(137): Illuminate/Pipeline/Pipeline->{closure:{closure:Illuminate/Pipeline/Pipeline::carry():194}:195}(Object(Illuminate/Http/Request))
#36 C:/projetos/gestao-financeira/vendor/laravel/framework/src/Illuminate/Routing/Router.php(821): Illuminate/Pipeline/Pipeline->then(Object(Closure))
#37 C:/projetos/gestao-financeira/vendor/laravel/framework/src/Illuminate/Routing/Router.php(800): Illuminate/Routing/Router->runRouteWithinStack(Object(Illuminate/Routing/Route), Object(Illuminate/Http/Request))
#38 C:/projetos/gestao-financeira/vendor/laravel/framework/src/Illuminate/Routing/Router.php(764): Illuminate/Routing/Router->runRoute(Object(Illuminate/Http/Request), Object(Illuminate/Routing/Route))
#39 C:/projetos/gestao-financeira/vendor/laravel/framework/src/Illuminate/Routing/Router.php(753): Illuminate/Routing/Router->dispatchToRoute(Object(Illuminate/Http/Request))
#40 C:/projetos/gestao-financeira/vendor/laravel/framework/src/Illuminate/Foundation/Http/Kernel.php(200): Illuminate/Routing/Router->dispatch(Object(Illuminate/Http/Request))
#41 C:/projetos/gestao-financeira/vendor/laravel/framework/src/Illuminate/Pipeline/Pipeline.php(180): Illuminate/Foundation/Http/Kernel->{closure:Illuminate/Foundation/Http/Kernel::dispatchToRouter():197}(Object(Illuminate/Http/Request))
#42 C:/projetos/gestao-financeira/vendor/laravel/framework/src/Illuminate/Foundation/Http/Middleware/TransformsRequest.php(21): Illuminate/Pipeline/Pipeline->{closure:Illuminate/Pipeline/Pipeline::prepareDestination():178}(Object(Illuminate/Http/Request))
#43 C:/projetos/gestao-financeira/vendor/laravel/framework/src/Illuminate/Foundation/Http/Middleware/ConvertEmptyStringsToNull.php(31): Illuminate/Foundation/Http/Middleware/TransformsRequest->handle(Object(Illuminate/Http/Request), Object(Closure))
#44 C:/projetos/gestao-financeira/vendor/laravel/framework/src/Illuminate/Pipeline/Pipeline.php(219): Illuminate/Foundation/Http/Middleware/ConvertEmptyStringsToNull->handle(Object(Illuminate/Http/Request), Object(Closure))
#45 C:/projetos/gestao-financeira/vendor/laravel/framework/src/Illuminate/Foundation/Http/Middleware/TransformsRequest.php(21): Illuminate/Pipeline/Pipeline->{closure:{closure:Illuminate/Pipeline/Pipeline::carry():194}:195}(Object(Illuminate/Http/Request))
#46 C:/projetos/gestao-financeira/vendor/laravel/framework/src/Illuminate/Foundation/Http/Middleware/TrimStrings.php(51): Illuminate/Foundation/Http/Middleware/TransformsRequest->handle(Object(Illuminate/Http/Request), Object(Closure))
#47 C:/projetos/gestao-financeira/vendor/laravel/framework/src/Illuminate/Pipeline/Pipeline.php(219): Illuminate/Foundation/Http/Middleware/TrimStrings->handle(Object(Illuminate/Http/Request), Object(Closure))
#48 C:/projetos/gestao-financeira/vendor/laravel/framework/src/Illuminate/Http/Middleware/ValidatePostSize.php(27): Illuminate/Pipeline/Pipeline->{closure:{closure:Illuminate/Pipeline/Pipeline::carry():194}:195}(Object(Illuminate/Http/Request))
#49 C:/projetos/gestao-financeira/vendor/laravel/framework/src/Illuminate/Pipeline/Pipeline.php(219): Illuminate/Http/Middleware/ValidatePostSize->handle(Object(Illuminate/Http/Request), Object(Closure))
#50 C:/projetos/gestao-financeira/vendor/laravel/framework/src/Illuminate/Foundation/Http/Middleware/PreventRequestsDuringMaintenance.php(109): Illuminate/Pipeline/Pipeline->{closure:{closure:Illuminate/Pipeline/Pipeline::carry():194}:195}(Object(Illuminate/Http/Request))
#51 C:/projetos/gestao-financeira/vendor/laravel/framework/src/Illuminate/Pipeline/Pipeline.php(219): Illuminate/Foundation/Http/Middleware/PreventRequestsDuringMaintenance->handle(Object(Illuminate/Http/Request), Object(Closure))
#52 C:/projetos/gestao-financeira/vendor/laravel/framework/src/Illuminate/Http/Middleware/HandleCors.php(61): Illuminate/Pipeline/Pipeline->{closure:{closure:Illuminate/Pipeline/Pipeline::carry():194}:195}(Object(Illuminate/Http/Request))
#53 C:/projetos/gestao-financeira/vendor/laravel/framework/src/Illuminate/Pipeline/Pipeline.php(219): Illuminate/Http/Middleware/HandleCors->handle(Object(Illuminate/Http/Request), Object(Closure))
#54 C:/projetos/gestao-financeira/vendor/laravel/framework/src/Illuminate/Http/Middleware/TrustProxies.php(58): Illuminate/Pipeline/Pipeline->{closure:{closure:Illuminate/Pipeline/Pipeline::carry():194}:195}(Object(Illuminate/Http/Request))
#55 C:/projetos/gestao-financeira/vendor/laravel/framework/src/Illuminate/Pipeline/Pipeline.php(219): Illuminate/Http/Middleware/TrustProxies->handle(Object(Illuminate/Http/Request), Object(Closure))
#56 C:/projetos/gestao-financeira/vendor/laravel/framework/src/Illuminate/Foundation/Http/Middleware/InvokeDeferredCallbacks.php(22): Illuminate/Pipeline/Pipeline->{closure:{closure:Illuminate/Pipeline/Pipeline::carry():194}:195}(Object(Illuminate/Http/Request))
#57 C:/projetos/gestao-financeira/vendor/laravel/framework/src/Illuminate/Pipeline/Pipeline.php(219): Illuminate/Foundation/Http/Middleware/InvokeDeferredCallbacks->handle(Object(Illuminate/Http/Request), Object(Closure))
#58 C:/projetos/gestao-financeira/vendor/laravel/framework/src/Illuminate/Http/Middleware/ValidatePathEncoding.php(28): Illuminate/Pipeline/Pipeline->{closure:{closure:Illuminate/Pipeline/Pipeline::carry():194}:195}(Object(Illuminate/Http/Request))
#59 C:/projetos/gestao-financeira/vendor/laravel/framework/src/Illuminate/Pipeline/Pipeline.php(219): Illuminate/Http/Middleware/ValidatePathEncoding->handle(Object(Illuminate/Http/Request), Object(Closure))
#60 C:/projetos/gestao-financeira/vendor/laravel/framework/src/Illuminate/Pipeline/Pipeline.php(137): Illuminate/Pipeline/Pipeline->{closure:{closure:Illuminate/Pipeline/Pipeline::carry():194}:195}(Object(Illuminate/Http/Request))
#61 C:/projetos/gestao-financeira/vendor/laravel/framework/src/Illuminate/Foundation/Http/Kernel.php(175): Illuminate/Pipeline/Pipeline->then(Object(Closure))
#62 C:/projetos/gestao-financeira/vendor/laravel/framework/src/Illuminate/Foundation/Http/Kernel.php(144): Illuminate/Foundation/Http/Kernel->sendRequestThroughRouter(Object(Illuminate/Http/Request))
#63 C:/projetos/gestao-financeira/vendor/laravel/framework/src/Illuminate/Foundation/Application.php(1220): Illuminate/Foundation/Http/Kernel->handle(Object(Illuminate/Http/Request))
#64 C:/projetos/gestao-financeira/public/index.php(20): Illuminate/Foundation/Application->handleRequest(Object(Illuminate/Http/Request))
#65 C:/Program Files/Herd/resources/app.asar.unpacked/resources/valet/server.php(139): require('C://projetos//ges...')
#66 {main}
"} 
[2026-08-17 15:32:04] local.INFO: [ShopeeAdsService] Consultando Ads do dia {"data":"2026-08-17"} 
[2026-08-17 15:32:04] local.INFO: ENTROU NO GET SHOPEE {"path":"/api/v2/ads/get_all_cpc_ads_hourly_performance"} 
[2026-08-17 15:36:18] local.INFO: [ShopeeAdsService] Consultando Ads {"data_inicio":"2026-08-15","data_fim":"2026-08-17"} 
[2026-08-17 15:36:18] local.INFO: ENTROU NO GET SHOPEE {"path":"/api/v2/ads/get_all_cpc_ads_daily_performance"} 
[2026-08-17 15:36:19] local.ERROR: Client error: `GET https://partner.shopeemobile.com/api/v2/ads/get_all_cpc_ads_daily_performance?partner_id=2039071&timestamp=1786991778&access_token=eyJhbGciOiJIUzI1NiJ9.CJ-6fBABGKi9_u0GIAEo7o2N1AYwof3DHTgBQAFICQ._SMW56WFVLwMkHQrJy8y84Tufweqjvb1Ihk7BGdbWpU&shop_id=1841274536&sign=64f4fd13c0aa0ea36b11ec3f6213387891cbb197eb7c9d44267bf85f08a3ebaa&start_date=2026-08-15&end_date=2026-08-17` resulted in a `429 Too Many Requests` response:
{"error":"error_rate_limit","message":"Too many requests. You have reached the rate limit. Please try again later.","req (truncated...)
 {"userId":1,"exception":"[object] (GuzzleHttp\\Exception\\ClientException(code: 429): Client error: `GET https://partner.shopeemobile.com/api/v2/ads/get_all_cpc_ads_daily_performance?partner_id=2039071&timestamp=1786991778&access_token=eyJhbGciOiJIUzI1NiJ9.CJ-6fBABGKi9_u0GIAEo7o2N1AYwof3DHTgBQAFICQ._SMW56WFVLwMkHQrJy8y84Tufweqjvb1Ihk7BGdbWpU&shop_id=1841274536&sign=64f4fd13c0aa0ea36b11ec3f6213387891cbb197eb7c9d44267bf85f08a3ebaa&start_date=2026-08-15&end_date=2026-08-17` resulted in a `429 Too Many Requests` response:
{\"error\":\"error_rate_limit\",\"message\":\"Too many requests. You have reached the rate limit. Please try again later.\",\"req (truncated...)
 at C:/projetos/gestao-financeira/vendor/guzzlehttp/guzzle/src/Exception/RequestException.php:115)
[stacktrace]
#0 C:/projetos/gestao-financeira/vendor/guzzlehttp/guzzle/src/Middleware.php(72): GuzzleHttp/Exception/RequestException::create(Object(GuzzleHttp/Psr7/Request), Object(GuzzleHttp/Psr7/Response), NULL, Array, NULL)
#1 C:/projetos/gestao-financeira/vendor/guzzlehttp/promises/src/Promise.php(209): GuzzleHttp/Middleware::{closure:{closure:{closure:GuzzleHttp/Middleware::httpErrors():60}:61}:67}(Object(GuzzleHttp/Psr7/Response))
#2 C:/projetos/gestao-financeira/vendor/guzzlehttp/promises/src/Promise.php(158): GuzzleHttp/Promise/Promise::callHandler(1, Object(GuzzleHttp/Psr7/Response), NULL)
#3 C:/projetos/gestao-financeira/vendor/guzzlehttp/promises/src/TaskQueue.php(52): GuzzleHttp/Promise/Promise::{closure:GuzzleHttp/Promise/Promise::settle():156}()
#4 C:/projetos/gestao-financeira/vendor/guzzlehttp/promises/src/Promise.php(251): GuzzleHttp/Promise/TaskQueue->run(true)
#5 C:/projetos/gestao-financeira/vendor/guzzlehttp/promises/src/Promise.php(227): GuzzleHttp/Promise/Promise->invokeWaitFn()
#6 C:/projetos/gestao-financeira/vendor/guzzlehttp/promises/src/Promise.php(272): GuzzleHttp/Promise/Promise->waitIfPending()
#7 C:/projetos/gestao-financeira/vendor/guzzlehttp/promises/src/Promise.php(229): GuzzleHttp/Promise/Promise->invokeWaitList()
#8 C:/projetos/gestao-financeira/vendor/guzzlehttp/promises/src/Promise.php(69): GuzzleHttp/Promise/Promise->waitIfPending()
#9 C:/projetos/gestao-financeira/vendor/guzzlehttp/guzzle/src/Client.php(273): GuzzleHttp/Promise/Promise->wait()
#10 C:/projetos/gestao-financeira/vendor/guzzlehttp/guzzle/src/ClientTrait.php(44): GuzzleHttp/Client->request('GET', 'https://partner...', Array)
#11 C:/projetos/gestao-financeira/app/Services/Shopee/ShopeeApiService.php(152): GuzzleHttp/Client->get('https://partner...', Array)
#12 C:/projetos/gestao-financeira/app/Services/Shopee/ShopeeAdsService.php(153): App/Services/Shopee/ShopeeApiService->get('/api/v2/ads/get...', Array)
#13 C:/projetos/gestao-financeira/app/Services/Shopee/ShopeeAdsService.php(84): App/Services/Shopee/ShopeeAdsService->getInvestimentoPeriodo(Object(Carbon/Carbon), Object(Carbon/Carbon))
#14 C:/projetos/gestao-financeira/app/Http/Controllers/ShopeeDashboardController.php(369): App/Services/Shopee/ShopeeAdsService->getInvestimento(Object(Carbon/Carbon), Object(Carbon/Carbon))
#15 C:/projetos/gestao-financeira/vendor/laravel/framework/src/Illuminate/Routing/ControllerDispatcher.php(46): App/Http/Controllers/ShopeeDashboardController->index(Object(Illuminate/Http/Request))
#16 C:/projetos/gestao-financeira/vendor/laravel/framework/src/Illuminate/Routing/Route.php(276): Illuminate/Routing/ControllerDispatcher->dispatch(Object(Illuminate/Routing/Route), Object(App/Http/Controllers/ShopeeDashboardController), 'index')
#17 C:/projetos/gestao-financeira/vendor/laravel/framework/src/Illuminate/Routing/Route.php(216): Illuminate/Routing/Route->runController()
#18 C:/projetos/gestao-financeira/vendor/laravel/framework/src/Illuminate/Routing/Router.php(822): Illuminate/Routing/Route->run()
#19 C:/projetos/gestao-financeira/vendor/laravel/framework/src/Illuminate/Pipeline/Pipeline.php(180): Illuminate/Routing/Router->{closure:Illuminate/Routing/Router::runRouteWithinStack():821}(Object(Illuminate/Http/Request))
#20 C:/projetos/gestao-financeira/vendor/laravel/framework/src/Illuminate/Routing/Middleware/SubstituteBindings.php(52): Illuminate/Pipeline/Pipeline->{closure:Illuminate/Pipeline/Pipeline::prepareDestination():178}(Object(Illuminate/Http/Request))
#21 C:/projetos/gestao-financeira/vendor/laravel/framework/src/Illuminate/Pipeline/Pipeline.php(219): Illuminate/Routing/Middleware/SubstituteBindings->handle(Object(Illuminate/Http/Request), Object(Closure))
#22 C:/projetos/gestao-financeira/vendor/laravel/framework/src/Illuminate/Auth/Middleware/Authenticate.php(63): Illuminate/Pipeline/Pipeline->{closure:{closure:Illuminate/Pipeline/Pipeline::carry():194}:195}(Object(Illuminate/Http/Request))
#23 C:/projetos/gestao-financeira/vendor/laravel/framework/src/Illuminate/Pipeline/Pipeline.php(219): Illuminate/Auth/Middleware/Authenticate->handle(Object(Illuminate/Http/Request), Object(Closure))
#24 C:/projetos/gestao-financeira/vendor/laravel/framework/src/Illuminate/Foundation/Http/Middleware/PreventRequestForgery.php(104): Illuminate/Pipeline/Pipeline->{closure:{closure:Illuminate/Pipeline/Pipeline::carry():194}:195}(Object(Illuminate/Http/Request))
#25 C:/projetos/gestao-financeira/vendor/laravel/framework/src/Illuminate/Pipeline/Pipeline.php(219): Illuminate/Foundation/Http/Middleware/PreventRequestForgery->handle(Object(Illuminate/Http/Request), Object(Closure))
#26 C:/projetos/gestao-financeira/vendor/laravel/framework/src/Illuminate/View/Middleware/ShareErrorsFromSession.php(48): Illuminate/Pipeline/Pipeline->{closure:{closure:Illuminate/Pipeline/Pipeline::carry():194}:195}(Object(Illuminate/Http/Request))
#27 C:/projetos/gestao-financeira/vendor/laravel/framework/src/Illuminate/Pipeline/Pipeline.php(219): Illuminate/View/Middleware/ShareErrorsFromSession->handle(Object(Illuminate/Http/Request), Object(Closure))
#28 C:/projetos/gestao-financeira/vendor/laravel/framework/src/Illuminate/Session/Middleware/StartSession.php(120): Illuminate/Pipeline/Pipeline->{closure:{closure:Illuminate/Pipeline/Pipeline::carry():194}:195}(Object(Illuminate/Http/Request))
#29 C:/projetos/gestao-financeira/vendor/laravel/framework/src/Illuminate/Session/Middleware/StartSession.php(63): Illuminate/Session/Middleware/StartSession->handleStatefulRequest(Object(Illuminate/Http/Request), Object(Illuminate/Session/Store), Object(Closure))
#30 C:/projetos/gestao-financeira/vendor/laravel/framework/src/Illuminate/Pipeline/Pipeline.php(219): Illuminate/Session/Middleware/StartSession->handle(Object(Illuminate/Http/Request), Object(Closure))
#31 C:/projetos/gestao-financeira/vendor/laravel/framework/src/Illuminate/Cookie/Middleware/AddQueuedCookiesToResponse.php(36): Illuminate/Pipeline/Pipeline->{closure:{closure:Illuminate/Pipeline/Pipeline::carry():194}:195}(Object(Illuminate/Http/Request))
#32 C:/projetos/gestao-financeira/vendor/laravel/framework/src/Illuminate/Pipeline/Pipeline.php(219): Illuminate/Cookie/Middleware/AddQueuedCookiesToResponse->handle(Object(Illuminate/Http/Request), Object(Closure))
#33 C:/projetos/gestao-financeira/vendor/laravel/framework/src/Illuminate/Cookie/Middleware/EncryptCookies.php(74): Illuminate/Pipeline/Pipeline->{closure:{closure:Illuminate/Pipeline/Pipeline::carry():194}:195}(Object(Illuminate/Http/Request))
#34 C:/projetos/gestao-financeira/vendor/laravel/framework/src/Illuminate/Pipeline/Pipeline.php(219): Illuminate/Cookie/Middleware/EncryptCookies->handle(Object(Illuminate/Http/Request), Object(Closure))
#35 C:/projetos/gestao-financeira/vendor/laravel/framework/src/Illuminate/Pipeline/Pipeline.php(137): Illuminate/Pipeline/Pipeline->{closure:{closure:Illuminate/Pipeline/Pipeline::carry():194}:195}(Object(Illuminate/Http/Request))
#36 C:/projetos/gestao-financeira/vendor/laravel/framework/src/Illuminate/Routing/Router.php(821): Illuminate/Pipeline/Pipeline->then(Object(Closure))
#37 C:/projetos/gestao-financeira/vendor/laravel/framework/src/Illuminate/Routing/Router.php(800): Illuminate/Routing/Router->runRouteWithinStack(Object(Illuminate/Routing/Route), Object(Illuminate/Http/Request))
#38 C:/projetos/gestao-financeira/vendor/laravel/framework/src/Illuminate/Routing/Router.php(764): Illuminate/Routing/Router->runRoute(Object(Illuminate/Http/Request), Object(Illuminate/Routing/Route))
#39 C:/projetos/gestao-financeira/vendor/laravel/framework/src/Illuminate/Routing/Router.php(753): Illuminate/Routing/Router->dispatchToRoute(Object(Illuminate/Http/Request))
#40 C:/projetos/gestao-financeira/vendor/laravel/framework/src/Illuminate/Foundation/Http/Kernel.php(200): Illuminate/Routing/Router->dispatch(Object(Illuminate/Http/Request))
#41 C:/projetos/gestao-financeira/vendor/laravel/framework/src/Illuminate/Pipeline/Pipeline.php(180): Illuminate/Foundation/Http/Kernel->{closure:Illuminate/Foundation/Http/Kernel::dispatchToRouter():197}(Object(Illuminate/Http/Request))
#42 C:/projetos/gestao-financeira/vendor/laravel/framework/src/Illuminate/Foundation/Http/Middleware/TransformsRequest.php(21): Illuminate/Pipeline/Pipeline->{closure:Illuminate/Pipeline/Pipeline::prepareDestination():178}(Object(Illuminate/Http/Request))
#43 C:/projetos/gestao-financeira/vendor/laravel/framework/src/Illuminate/Foundation/Http/Middleware/ConvertEmptyStringsToNull.php(31): Illuminate/Foundation/Http/Middleware/TransformsRequest->handle(Object(Illuminate/Http/Request), Object(Closure))
#44 C:/projetos/gestao-financeira/vendor/laravel/framework/src/Illuminate/Pipeline/Pipeline.php(219): Illuminate/Foundation/Http/Middleware/ConvertEmptyStringsToNull->handle(Object(Illuminate/Http/Request), Object(Closure))
#45 C:/projetos/gestao-financeira/vendor/laravel/framework/src/Illuminate/Foundation/Http/Middleware/TransformsRequest.php(21): Illuminate/Pipeline/Pipeline->{closure:{closure:Illuminate/Pipeline/Pipeline::carry():194}:195}(Object(Illuminate/Http/Request))
#46 C:/projetos/gestao-financeira/vendor/laravel/framework/src/Illuminate/Foundation/Http/Middleware/TrimStrings.php(51): Illuminate/Foundation/Http/Middleware/TransformsRequest->handle(Object(Illuminate/Http/Request), Object(Closure))
#47 C:/projetos/gestao-financeira/vendor/laravel/framework/src/Illuminate/Pipeline/Pipeline.php(219): Illuminate/Foundation/Http/Middleware/TrimStrings->handle(Object(Illuminate/Http/Request), Object(Closure))
#48 C:/projetos/gestao-financeira/vendor/laravel/framework/src/Illuminate/Http/Middleware/ValidatePostSize.php(27): Illuminate/Pipeline/Pipeline->{closure:{closure:Illuminate/Pipeline/Pipeline::carry():194}:195}(Object(Illuminate/Http/Request))
#49 C:/projetos/gestao-financeira/vendor/laravel/framework/src/Illuminate/Pipeline/Pipeline.php(219): Illuminate/Http/Middleware/ValidatePostSize->handle(Object(Illuminate/Http/Request), Object(Closure))
#50 C:/projetos/gestao-financeira/vendor/laravel/framework/src/Illuminate/Foundation/Http/Middleware/PreventRequestsDuringMaintenance.php(109): Illuminate/Pipeline/Pipeline->{closure:{closure:Illuminate/Pipeline/Pipeline::carry():194}:195}(Object(Illuminate/Http/Request))
#51 C:/projetos/gestao-financeira/vendor/laravel/framework/src/Illuminate/Pipeline/Pipeline.php(219): Illuminate/Foundation/Http/Middleware/PreventRequestsDuringMaintenance->handle(Object(Illuminate/Http/Request), Object(Closure))
#52 C:/projetos/gestao-financeira/vendor/laravel/framework/src/Illuminate/Http/Middleware/HandleCors.php(61): Illuminate/Pipeline/Pipeline->{closure:{closure:Illuminate/Pipeline/Pipeline::carry():194}:195}(Object(Illuminate/Http/Request))
#53 C:/projetos/gestao-financeira/vendor/laravel/framework/src/Illuminate/Pipeline/Pipeline.php(219): Illuminate/Http/Middleware/HandleCors->handle(Object(Illuminate/Http/Request), Object(Closure))
#54 C:/projetos/gestao-financeira/vendor/laravel/framework/src/Illuminate/Http/Middleware/TrustProxies.php(58): Illuminate/Pipeline/Pipeline->{closure:{closure:Illuminate/Pipeline/Pipeline::carry():194}:195}(Object(Illuminate/Http/Request))
#55 C:/projetos/gestao-financeira/vendor/laravel/framework/src/Illuminate/Pipeline/Pipeline.php(219): Illuminate/Http/Middleware/TrustProxies->handle(Object(Illuminate/Http/Request), Object(Closure))
#56 C:/projetos/gestao-financeira/vendor/laravel/framework/src/Illuminate/Foundation/Http/Middleware/InvokeDeferredCallbacks.php(22): Illuminate/Pipeline/Pipeline->{closure:{closure:Illuminate/Pipeline/Pipeline::carry():194}:195}(Object(Illuminate/Http/Request))
#57 C:/projetos/gestao-financeira/vendor/laravel/framework/src/Illuminate/Pipeline/Pipeline.php(219): Illuminate/Foundation/Http/Middleware/InvokeDeferredCallbacks->handle(Object(Illuminate/Http/Request), Object(Closure))
#58 C:/projetos/gestao-financeira/vendor/laravel/framework/src/Illuminate/Http/Middleware/ValidatePathEncoding.php(28): Illuminate/Pipeline/Pipeline->{closure:{closure:Illuminate/Pipeline/Pipeline::carry():194}:195}(Object(Illuminate/Http/Request))
#59 C:/projetos/gestao-financeira/vendor/laravel/framework/src/Illuminate/Pipeline/Pipeline.php(219): Illuminate/Http/Middleware/ValidatePathEncoding->handle(Object(Illuminate/Http/Request), Object(Closure))
#60 C:/projetos/gestao-financeira/vendor/laravel/framework/src/Illuminate/Pipeline/Pipeline.php(137): Illuminate/Pipeline/Pipeline->{closure:{closure:Illuminate/Pipeline/Pipeline::carry():194}:195}(Object(Illuminate/Http/Request))
#61 C:/projetos/gestao-financeira/vendor/laravel/framework/src/Illuminate/Foundation/Http/Kernel.php(175): Illuminate/Pipeline/Pipeline->then(Object(Closure))
#62 C:/projetos/gestao-financeira/vendor/laravel/framework/src/Illuminate/Foundation/Http/Kernel.php(144): Illuminate/Foundation/Http/Kernel->sendRequestThroughRouter(Object(Illuminate/Http/Request))
#63 C:/projetos/gestao-financeira/vendor/laravel/framework/src/Illuminate/Foundation/Application.php(1220): Illuminate/Foundation/Http/Kernel->handle(Object(Illuminate/Http/Request))
#64 C:/projetos/gestao-financeira/public/index.php(20): Illuminate/Foundation/Application->handleRequest(Object(Illuminate/Http/Request))
#65 C:/Program Files/Herd/resources/app.asar.unpacked/resources/valet/server.php(139): require('C://projetos//ges...')
#66 {main}
"} 
[2026-08-17 15:45:46] local.ERROR: Cannot redeclare App\Services\Shopee\ShopeeAdsService::getInvestimento() {"userId":1,"exception":"[object] (Symfony\\Component\\ErrorHandler\\Error\\FatalError(code: 0): Cannot redeclare App\\Services\\Shopee\\ShopeeAdsService::getInvestimento() at C:/projetos/gestao-financeira/app/Services/Shopee/ShopeeAdsService.php:200)
[stacktrace]
#0 {main}
"} 
[2026-08-17 15:46:37] local.INFO: [ShopeeAdsService] Consultando API Shopee Ads {"data_inicio":"2026-08-15","data_fim":"2026-08-17"} 
[2026-08-17 15:46:37] local.INFO: [ShopeeAdsService] Consultando Ads {"data_inicio":"2026-08-15","data_fim":"2026-08-17"} 
[2026-08-17 15:46:37] local.INFO: ENTROU NO GET SHOPEE {"path":"/api/v2/ads/get_all_cpc_ads_daily_performance","query":{"start_date":"2026-08-15","end_date":"2026-08-17"}} 
[2026-08-17 15:46:38] local.ERROR: [ShopeeAdsService] Erro na API de Ads {"response":{"response":null,"request_id":"e3e3e7f35942972ab9838dfa3a8ac600","error":"error_param","message":"Wrong parameters. start_date: is invalid, please pass DD-MM-YYYY format; end_date: is invalid, please pass DD-MM-YYYY format;","warning":""}} 
[2026-08-17 15:46:38] local.ERROR: Wrong parameters. start_date: is invalid, please pass DD-MM-YYYY format; end_date: is invalid, please pass DD-MM-YYYY format; {"userId":1,"exception":"[object] (Exception(code: 0): Wrong parameters. start_date: is invalid, please pass DD-MM-YYYY format; end_date: is invalid, please pass DD-MM-YYYY format; at C:/projetos/gestao-financeira/app/Services/Shopee/ShopeeAdsService.php:240)
[stacktrace]
#0 C:/projetos/gestao-financeira/app/Services/Shopee/ShopeeAdsService.php(141): App/Services/Shopee/ShopeeAdsService->getInvestimentoPeriodo(Object(Carbon/Carbon), Object(Carbon/Carbon))
#1 C:/projetos/gestao-financeira/vendor/laravel/framework/src/Illuminate/Cache/Repository.php(584): App/Services/Shopee/ShopeeAdsService->{closure:App/Services/Shopee/ShopeeAdsService::getInvestimento():72}()
#2 C:/projetos/gestao-financeira/vendor/laravel/framework/src/Illuminate/Cache/Repository.php(560): Illuminate/Cache/Repository->rememberWithWarmth('shopee_ads_2026...', Object(Illuminate/Support/Carbon), Object(Closure))
#3 C:/projetos/gestao-financeira/vendor/laravel/framework/src/Illuminate/Cache/CacheManager.php(600): Illuminate/Cache/Repository->remember('shopee_ads_2026...', Object(Illuminate/Support/Carbon), Object(Closure))
#4 C:/projetos/gestao-financeira/vendor/laravel/framework/src/Illuminate/Support/Facades/Facade.php(363): Illuminate/Cache/CacheManager->__call('remember', Array)
#5 C:/projetos/gestao-financeira/app/Services/Shopee/ShopeeAdsService.php(69): Illuminate/Support/Facades/Facade::__callStatic('remember', Array)
#6 C:/projetos/gestao-financeira/app/Http/Controllers/ShopeeDashboardController.php(369): App/Services/Shopee/ShopeeAdsService->getInvestimento(Object(Carbon/Carbon), Object(Carbon/Carbon))
#7 C:/projetos/gestao-financeira/vendor/laravel/framework/src/Illuminate/Routing/ControllerDispatcher.php(46): App/Http/Controllers/ShopeeDashboardController->index(Object(Illuminate/Http/Request))
#8 C:/projetos/gestao-financeira/vendor/laravel/framework/src/Illuminate/Routing/Route.php(276): Illuminate/Routing/ControllerDispatcher->dispatch(Object(Illuminate/Routing/Route), Object(App/Http/Controllers/ShopeeDashboardController), 'index')
#9 C:/projetos/gestao-financeira/vendor/laravel/framework/src/Illuminate/Routing/Route.php(216): Illuminate/Routing/Route->runController()
#10 C:/projetos/gestao-financeira/vendor/laravel/framework/src/Illuminate/Routing/Router.php(822): Illuminate/Routing/Route->run()
#11 C:/projetos/gestao-financeira/vendor/laravel/framework/src/Illuminate/Pipeline/Pipeline.php(180): Illuminate/Routing/Router->{closure:Illuminate/Routing/Router::runRouteWithinStack():821}(Object(Illuminate/Http/Request))
#12 C:/projetos/gestao-financeira/vendor/laravel/framework/src/Illuminate/Routing/Middleware/SubstituteBindings.php(52): Illuminate/Pipeline/Pipeline->{closure:Illuminate/Pipeline/Pipeline::prepareDestination():178}(Object(Illuminate/Http/Request))
#13 C:/projetos/gestao-financeira/vendor/laravel/framework/src/Illuminate/Pipeline/Pipeline.php(219): Illuminate/Routing/Middleware/SubstituteBindings->handle(Object(Illuminate/Http/Request), Object(Closure))
#14 C:/projetos/gestao-financeira/vendor/laravel/framework/src/Illuminate/Auth/Middleware/Authenticate.php(63): Illuminate/Pipeline/Pipeline->{closure:{closure:Illuminate/Pipeline/Pipeline::carry():194}:195}(Object(Illuminate/Http/Request))
#15 C:/projetos/gestao-financeira/vendor/laravel/framework/src/Illuminate/Pipeline/Pipeline.php(219): Illuminate/Auth/Middleware/Authenticate->handle(Object(Illuminate/Http/Request), Object(Closure))
#16 C:/projetos/gestao-financeira/vendor/laravel/framework/src/Illuminate/Foundation/Http/Middleware/PreventRequestForgery.php(104): Illuminate/Pipeline/Pipeline->{closure:{closure:Illuminate/Pipeline/Pipeline::carry():194}:195}(Object(Illuminate/Http/Request))
#17 C:/projetos/gestao-financeira/vendor/laravel/framework/src/Illuminate/Pipeline/Pipeline.php(219): Illuminate/Foundation/Http/Middleware/PreventRequestForgery->handle(Object(Illuminate/Http/Request), Object(Closure))
#18 C:/projetos/gestao-financeira/vendor/laravel/framework/src/Illuminate/View/Middleware/ShareErrorsFromSession.php(48): Illuminate/Pipeline/Pipeline->{closure:{closure:Illuminate/Pipeline/Pipeline::carry():194}:195}(Object(Illuminate/Http/Request))
#19 C:/projetos/gestao-financeira/vendor/laravel/framework/src/Illuminate/Pipeline/Pipeline.php(219): Illuminate/View/Middleware/ShareErrorsFromSession->handle(Object(Illuminate/Http/Request), Object(Closure))
#20 C:/projetos/gestao-financeira/vendor/laravel/framework/src/Illuminate/Session/Middleware/StartSession.php(120): Illuminate/Pipeline/Pipeline->{closure:{closure:Illuminate/Pipeline/Pipeline::carry():194}:195}(Object(Illuminate/Http/Request))
#21 C:/projetos/gestao-financeira/vendor/laravel/framework/src/Illuminate/Session/Middleware/StartSession.php(63): Illuminate/Session/Middleware/StartSession->handleStatefulRequest(Object(Illuminate/Http/Request), Object(Illuminate/Session/Store), Object(Closure))
#22 C:/projetos/gestao-financeira/vendor/laravel/framework/src/Illuminate/Pipeline/Pipeline.php(219): Illuminate/Session/Middleware/StartSession->handle(Object(Illuminate/Http/Request), Object(Closure))
#23 C:/projetos/gestao-financeira/vendor/laravel/framework/src/Illuminate/Cookie/Middleware/AddQueuedCookiesToResponse.php(36): Illuminate/Pipeline/Pipeline->{closure:{closure:Illuminate/Pipeline/Pipeline::carry():194}:195}(Object(Illuminate/Http/Request))
#24 C:/projetos/gestao-financeira/vendor/laravel/framework/src/Illuminate/Pipeline/Pipeline.php(219): Illuminate/Cookie/Middleware/AddQueuedCookiesToResponse->handle(Object(Illuminate/Http/Request), Object(Closure))
#25 C:/projetos/gestao-financeira/vendor/laravel/framework/src/Illuminate/Cookie/Middleware/EncryptCookies.php(74): Illuminate/Pipeline/Pipeline->{closure:{closure:Illuminate/Pipeline/Pipeline::carry():194}:195}(Object(Illuminate/Http/Request))
#26 C:/projetos/gestao-financeira/vendor/laravel/framework/src/Illuminate/Pipeline/Pipeline.php(219): Illuminate/Cookie/Middleware/EncryptCookies->handle(Object(Illuminate/Http/Request), Object(Closure))
#27 C:/projetos/gestao-financeira/vendor/laravel/framework/src/Illuminate/Pipeline/Pipeline.php(137): Illuminate/Pipeline/Pipeline->{closure:{closure:Illuminate/Pipeline/Pipeline::carry():194}:195}(Object(Illuminate/Http/Request))
#28 C:/projetos/gestao-financeira/vendor/laravel/framework/src/Illuminate/Routing/Router.php(821): Illuminate/Pipeline/Pipeline->then(Object(Closure))
#29 C:/projetos/gestao-financeira/vendor/laravel/framework/src/Illuminate/Routing/Router.php(800): Illuminate/Routing/Router->runRouteWithinStack(Object(Illuminate/Routing/Route), Object(Illuminate/Http/Request))
#30 C:/projetos/gestao-financeira/vendor/laravel/framework/src/Illuminate/Routing/Router.php(764): Illuminate/Routing/Router->runRoute(Object(Illuminate/Http/Request), Object(Illuminate/Routing/Route))
#31 C:/projetos/gestao-financeira/vendor/laravel/framework/src/Illuminate/Routing/Router.php(753): Illuminate/Routing/Router->dispatchToRoute(Object(Illuminate/Http/Request))
#32 C:/projetos/gestao-financeira/vendor/laravel/framework/src/Illuminate/Foundation/Http/Kernel.php(200): Illuminate/Routing/Router->dispatch(Object(Illuminate/Http/Request))
#33 C:/projetos/gestao-financeira/vendor/laravel/framework/src/Illuminate/Pipeline/Pipeline.php(180): Illuminate/Foundation/Http/Kernel->{closure:Illuminate/Foundation/Http/Kernel::dispatchToRouter():197}(Object(Illuminate/Http/Request))
#34 C:/projetos/gestao-financeira/vendor/laravel/framework/src/Illuminate/Foundation/Http/Middleware/TransformsRequest.php(21): Illuminate/Pipeline/Pipeline->{closure:Illuminate/Pipeline/Pipeline::prepareDestination():178}(Object(Illuminate/Http/Request))
#35 C:/projetos/gestao-financeira/vendor/laravel/framework/src/Illuminate/Foundation/Http/Middleware/ConvertEmptyStringsToNull.php(31): Illuminate/Foundation/Http/Middleware/TransformsRequest->handle(Object(Illuminate/Http/Request), Object(Closure))
#36 C:/projetos/gestao-financeira/vendor/laravel/framework/src/Illuminate/Pipeline/Pipeline.php(219): Illuminate/Foundation/Http/Middleware/ConvertEmptyStringsToNull->handle(Object(Illuminate/Http/Request), Object(Closure))
#37 C:/projetos/gestao-financeira/vendor/laravel/framework/src/Illuminate/Foundation/Http/Middleware/TransformsRequest.php(21): Illuminate/Pipeline/Pipeline->{closure:{closure:Illuminate/Pipeline/Pipeline::carry():194}:195}(Object(Illuminate/Http/Request))
#38 C:/projetos/gestao-financeira/vendor/laravel/framework/src/Illuminate/Foundation/Http/Middleware/TrimStrings.php(51): Illuminate/Foundation/Http/Middleware/TransformsRequest->handle(Object(Illuminate/Http/Request), Object(Closure))
#39 C:/projetos/gestao-financeira/vendor/laravel/framework/src/Illuminate/Pipeline/Pipeline.php(219): Illuminate/Foundation/Http/Middleware/TrimStrings->handle(Object(Illuminate/Http/Request), Object(Closure))
#40 C:/projetos/gestao-financeira/vendor/laravel/framework/src/Illuminate/Http/Middleware/ValidatePostSize.php(27): Illuminate/Pipeline/Pipeline->{closure:{closure:Illuminate/Pipeline/Pipeline::carry():194}:195}(Object(Illuminate/Http/Request))
#41 C:/projetos/gestao-financeira/vendor/laravel/framework/src/Illuminate/Pipeline/Pipeline.php(219): Illuminate/Http/Middleware/ValidatePostSize->handle(Object(Illuminate/Http/Request), Object(Closure))
#42 C:/projetos/gestao-financeira/vendor/laravel/framework/src/Illuminate/Foundation/Http/Middleware/PreventRequestsDuringMaintenance.php(109): Illuminate/Pipeline/Pipeline->{closure:{closure:Illuminate/Pipeline/Pipeline::carry():194}:195}(Object(Illuminate/Http/Request))
#43 C:/projetos/gestao-financeira/vendor/laravel/framework/src/Illuminate/Pipeline/Pipeline.php(219): Illuminate/Foundation/Http/Middleware/PreventRequestsDuringMaintenance->handle(Object(Illuminate/Http/Request), Object(Closure))
#44 C:/projetos/gestao-financeira/vendor/laravel/framework/src/Illuminate/Http/Middleware/HandleCors.php(61): Illuminate/Pipeline/Pipeline->{closure:{closure:Illuminate/Pipeline/Pipeline::carry():194}:195}(Object(Illuminate/Http/Request))
#45 C:/projetos/gestao-financeira/vendor/laravel/framework/src/Illuminate/Pipeline/Pipeline.php(219): Illuminate/Http/Middleware/HandleCors->handle(Object(Illuminate/Http/Request), Object(Closure))
#46 C:/projetos/gestao-financeira/vendor/laravel/framework/src/Illuminate/Http/Middleware/TrustProxies.php(58): Illuminate/Pipeline/Pipeline->{closure:{closure:Illuminate/Pipeline/Pipeline::carry():194}:195}(Object(Illuminate/Http/Request))
#47 C:/projetos/gestao-financeira/vendor/laravel/framework/src/Illuminate/Pipeline/Pipeline.php(219): Illuminate/Http/Middleware/TrustProxies->handle(Object(Illuminate/Http/Request), Object(Closure))
#48 C:/projetos/gestao-financeira/vendor/laravel/framework/src/Illuminate/Foundation/Http/Middleware/InvokeDeferredCallbacks.php(22): Illuminate/Pipeline/Pipeline->{closure:{closure:Illuminate/Pipeline/Pipeline::carry():194}:195}(Object(Illuminate/Http/Request))
#49 C:/projetos/gestao-financeira/vendor/laravel/framework/src/Illuminate/Pipeline/Pipeline.php(219): Illuminate/Foundation/Http/Middleware/InvokeDeferredCallbacks->handle(Object(Illuminate/Http/Request), Object(Closure))
#50 C:/projetos/gestao-financeira/vendor/laravel/framework/src/Illuminate/Http/Middleware/ValidatePathEncoding.php(28): Illuminate/Pipeline/Pipeline->{closure:{closure:Illuminate/Pipeline/Pipeline::carry():194}:195}(Object(Illuminate/Http/Request))
#51 C:/projetos/gestao-financeira/vendor/laravel/framework/src/Illuminate/Pipeline/Pipeline.php(219): Illuminate/Http/Middleware/ValidatePathEncoding->handle(Object(Illuminate/Http/Request), Object(Closure))
#52 C:/projetos/gestao-financeira/vendor/laravel/framework/src/Illuminate/Pipeline/Pipeline.php(137): Illuminate/Pipeline/Pipeline->{closure:{closure:Illuminate/Pipeline/Pipeline::carry():194}:195}(Object(Illuminate/Http/Request))
#53 C:/projetos/gestao-financeira/vendor/laravel/framework/src/Illuminate/Foundation/Http/Kernel.php(175): Illuminate/Pipeline/Pipeline->then(Object(Closure))
#54 C:/projetos/gestao-financeira/vendor/laravel/framework/src/Illuminate/Foundation/Http/Kernel.php(144): Illuminate/Foundation/Http/Kernel->sendRequestThroughRouter(Object(Illuminate/Http/Request))
#55 C:/projetos/gestao-financeira/vendor/laravel/framework/src/Illuminate/Foundation/Application.php(1220): Illuminate/Foundation/Http/Kernel->handle(Object(Illuminate/Http/Request))
#56 C:/projetos/gestao-financeira/public/index.php(20): Illuminate/Foundation/Application->handleRequest(Object(Illuminate/Http/Request))
#57 C:/Program Files/Herd/resources/app.asar.unpacked/resources/valet/server.php(139): require('C://projetos//ges...')
#58 {main}
"} 
[2026-08-17 15:48:28] local.ERROR: Undefined variable $cacheKey {"userId":1,"exception":"[object] (ErrorException(code: 0): Undefined variable $cacheKey at C:/projetos/gestao-financeira/app/Services/Shopee/ShopeeAdsService.php:69)
[stacktrace]
#0 C:/projetos/gestao-financeira/vendor/laravel/framework/src/Illuminate/Foundation/Bootstrap/HandleExceptions.php(263): Illuminate/Foundation/Bootstrap/HandleExceptions->handleError(2, 'Undefined varia...', 'C://projetos//ges...', 69)
#1 C:/projetos/gestao-financeira/app/Services/Shopee/ShopeeAdsService.php(69): Illuminate/Foundation/Bootstrap/HandleExceptions->{closure:Illuminate/Foundation/Bootstrap/HandleExceptions::forwardsTo():262}(2, 'Undefined varia...', 'C://projetos//ges...', 69)
#2 C:/projetos/gestao-financeira/app/Http/Controllers/ShopeeDashboardController.php(369): App/Services/Shopee/ShopeeAdsService->getInvestimento(Object(Carbon/Carbon), Object(Carbon/Carbon))
#3 C:/projetos/gestao-financeira/vendor/laravel/framework/src/Illuminate/Routing/ControllerDispatcher.php(46): App/Http/Controllers/ShopeeDashboardController->index(Object(Illuminate/Http/Request))
#4 C:/projetos/gestao-financeira/vendor/laravel/framework/src/Illuminate/Routing/Route.php(276): Illuminate/Routing/ControllerDispatcher->dispatch(Object(Illuminate/Routing/Route), Object(App/Http/Controllers/ShopeeDashboardController), 'index')
#5 C:/projetos/gestao-financeira/vendor/laravel/framework/src/Illuminate/Routing/Route.php(216): Illuminate/Routing/Route->runController()
#6 C:/projetos/gestao-financeira/vendor/laravel/framework/src/Illuminate/Routing/Router.php(822): Illuminate/Routing/Route->run()
#7 C:/projetos/gestao-financeira/vendor/laravel/framework/src/Illuminate/Pipeline/Pipeline.php(180): Illuminate/Routing/Router->{closure:Illuminate/Routing/Router::runRouteWithinStack():821}(Object(Illuminate/Http/Request))
#8 C:/projetos/gestao-financeira/vendor/laravel/framework/src/Illuminate/Routing/Middleware/SubstituteBindings.php(52): Illuminate/Pipeline/Pipeline->{closure:Illuminate/Pipeline/Pipeline::prepareDestination():178}(Object(Illuminate/Http/Request))
#9 C:/projetos/gestao-financeira/vendor/laravel/framework/src/Illuminate/Pipeline/Pipeline.php(219): Illuminate/Routing/Middleware/SubstituteBindings->handle(Object(Illuminate/Http/Request), Object(Closure))
#10 C:/projetos/gestao-financeira/vendor/laravel/framework/src/Illuminate/Auth/Middleware/Authenticate.php(63): Illuminate/Pipeline/Pipeline->{closure:{closure:Illuminate/Pipeline/Pipeline::carry():194}:195}(Object(Illuminate/Http/Request))
#11 C:/projetos/gestao-financeira/vendor/laravel/framework/src/Illuminate/Pipeline/Pipeline.php(219): Illuminate/Auth/Middleware/Authenticate->handle(Object(Illuminate/Http/Request), Object(Closure))
#12 C:/projetos/gestao-financeira/vendor/laravel/framework/src/Illuminate/Foundation/Http/Middleware/PreventRequestForgery.php(104): Illuminate/Pipeline/Pipeline->{closure:{closure:Illuminate/Pipeline/Pipeline::carry():194}:195}(Object(Illuminate/Http/Request))
#13 C:/projetos/gestao-financeira/vendor/laravel/framework/src/Illuminate/Pipeline/Pipeline.php(219): Illuminate/Foundation/Http/Middleware/PreventRequestForgery->handle(Object(Illuminate/Http/Request), Object(Closure))
#14 C:/projetos/gestao-financeira/vendor/laravel/framework/src/Illuminate/View/Middleware/ShareErrorsFromSession.php(48): Illuminate/Pipeline/Pipeline->{closure:{closure:Illuminate/Pipeline/Pipeline::carry():194}:195}(Object(Illuminate/Http/Request))
#15 C:/projetos/gestao-financeira/vendor/laravel/framework/src/Illuminate/Pipeline/Pipeline.php(219): Illuminate/View/Middleware/ShareErrorsFromSession->handle(Object(Illuminate/Http/Request), Object(Closure))
#16 C:/projetos/gestao-financeira/vendor/laravel/framework/src/Illuminate/Session/Middleware/StartSession.php(120): Illuminate/Pipeline/Pipeline->{closure:{closure:Illuminate/Pipeline/Pipeline::carry():194}:195}(Object(Illuminate/Http/Request))
#17 C:/projetos/gestao-financeira/vendor/laravel/framework/src/Illuminate/Session/Middleware/StartSession.php(63): Illuminate/Session/Middleware/StartSession->handleStatefulRequest(Object(Illuminate/Http/Request), Object(Illuminate/Session/Store), Object(Closure))
#18 C:/projetos/gestao-financeira/vendor/laravel/framework/src/Illuminate/Pipeline/Pipeline.php(219): Illuminate/Session/Middleware/StartSession->handle(Object(Illuminate/Http/Request), Object(Closure))
#19 C:/projetos/gestao-financeira/vendor/laravel/framework/src/Illuminate/Cookie/Middleware/AddQueuedCookiesToResponse.php(36): Illuminate/Pipeline/Pipeline->{closure:{closure:Illuminate/Pipeline/Pipeline::carry():194}:195}(Object(Illuminate/Http/Request))
#20 C:/projetos/gestao-financeira/vendor/laravel/framework/src/Illuminate/Pipeline/Pipeline.php(219): Illuminate/Cookie/Middleware/AddQueuedCookiesToResponse->handle(Object(Illuminate/Http/Request), Object(Closure))
#21 C:/projetos/gestao-financeira/vendor/laravel/framework/src/Illuminate/Cookie/Middleware/EncryptCookies.php(74): Illuminate/Pipeline/Pipeline->{closure:{closure:Illuminate/Pipeline/Pipeline::carry():194}:195}(Object(Illuminate/Http/Request))
#22 C:/projetos/gestao-financeira/vendor/laravel/framework/src/Illuminate/Pipeline/Pipeline.php(219): Illuminate/Cookie/Middleware/EncryptCookies->handle(Object(Illuminate/Http/Request), Object(Closure))
#23 C:/projetos/gestao-financeira/vendor/laravel/framework/src/Illuminate/Pipeline/Pipeline.php(137): Illuminate/Pipeline/Pipeline->{closure:{closure:Illuminate/Pipeline/Pipeline::carry():194}:195}(Object(Illuminate/Http/Request))
#24 C:/projetos/gestao-financeira/vendor/laravel/framework/src/Illuminate/Routing/Router.php(821): Illuminate/Pipeline/Pipeline->then(Object(Closure))
#25 C:/projetos/gestao-financeira/vendor/laravel/framework/src/Illuminate/Routing/Router.php(800): Illuminate/Routing/Router->runRouteWithinStack(Object(Illuminate/Routing/Route), Object(Illuminate/Http/Request))
#26 C:/projetos/gestao-financeira/vendor/laravel/framework/src/Illuminate/Routing/Router.php(764): Illuminate/Routing/Router->runRoute(Object(Illuminate/Http/Request), Object(Illuminate/Routing/Route))
#27 C:/projetos/gestao-financeira/vendor/laravel/framework/src/Illuminate/Routing/Router.php(753): Illuminate/Routing/Router->dispatchToRoute(Object(Illuminate/Http/Request))
#28 C:/projetos/gestao-financeira/vendor/laravel/framework/src/Illuminate/Foundation/Http/Kernel.php(200): Illuminate/Routing/Router->dispatch(Object(Illuminate/Http/Request))
#29 C:/projetos/gestao-financeira/vendor/laravel/framework/src/Illuminate/Pipeline/Pipeline.php(180): Illuminate/Foundation/Http/Kernel->{closure:Illuminate/Foundation/Http/Kernel::dispatchToRouter():197}(Object(Illuminate/Http/Request))
#30 C:/projetos/gestao-financeira/vendor/laravel/framework/src/Illuminate/Foundation/Http/Middleware/TransformsRequest.php(21): Illuminate/Pipeline/Pipeline->{closure:Illuminate/Pipeline/Pipeline::prepareDestination():178}(Object(Illuminate/Http/Request))
#31 C:/projetos/gestao-financeira/vendor/laravel/framework/src/Illuminate/Foundation/Http/Middleware/ConvertEmptyStringsToNull.php(31): Illuminate/Foundation/Http/Middleware/TransformsRequest->handle(Object(Illuminate/Http/Request), Object(Closure))
#32 C:/projetos/gestao-financeira/vendor/laravel/framework/src/Illuminate/Pipeline/Pipeline.php(219): Illuminate/Foundation/Http/Middleware/ConvertEmptyStringsToNull->handle(Object(Illuminate/Http/Request), Object(Closure))
#33 C:/projetos/gestao-financeira/vendor/laravel/framework/src/Illuminate/Foundation/Http/Middleware/TransformsRequest.php(21): Illuminate/Pipeline/Pipeline->{closure:{closure:Illuminate/Pipeline/Pipeline::carry():194}:195}(Object(Illuminate/Http/Request))
#34 C:/projetos/gestao-financeira/vendor/laravel/framework/src/Illuminate/Foundation/Http/Middleware/TrimStrings.php(51): Illuminate/Foundation/Http/Middleware/TransformsRequest->handle(Object(Illuminate/Http/Request), Object(Closure))
#35 C:/projetos/gestao-financeira/vendor/laravel/framework/src/Illuminate/Pipeline/Pipeline.php(219): Illuminate/Foundation/Http/Middleware/TrimStrings->handle(Object(Illuminate/Http/Request), Object(Closure))
#36 C:/projetos/gestao-financeira/vendor/laravel/framework/src/Illuminate/Http/Middleware/ValidatePostSize.php(27): Illuminate/Pipeline/Pipeline->{closure:{closure:Illuminate/Pipeline/Pipeline::carry():194}:195}(Object(Illuminate/Http/Request))
#37 C:/projetos/gestao-financeira/vendor/laravel/framework/src/Illuminate/Pipeline/Pipeline.php(219): Illuminate/Http/Middleware/ValidatePostSize->handle(Object(Illuminate/Http/Request), Object(Closure))
#38 C:/projetos/gestao-financeira/vendor/laravel/framework/src/Illuminate/Foundation/Http/Middleware/PreventRequestsDuringMaintenance.php(109): Illuminate/Pipeline/Pipeline->{closure:{closure:Illuminate/Pipeline/Pipeline::carry():194}:195}(Object(Illuminate/Http/Request))
#39 C:/projetos/gestao-financeira/vendor/laravel/framework/src/Illuminate/Pipeline/Pipeline.php(219): Illuminate/Foundation/Http/Middleware/PreventRequestsDuringMaintenance->handle(Object(Illuminate/Http/Request), Object(Closure))
#40 C:/projetos/gestao-financeira/vendor/laravel/framework/src/Illuminate/Http/Middleware/HandleCors.php(61): Illuminate/Pipeline/Pipeline->{closure:{closure:Illuminate/Pipeline/Pipeline::carry():194}:195}(Object(Illuminate/Http/Request))
#41 C:/projetos/gestao-financeira/vendor/laravel/framework/src/Illuminate/Pipeline/Pipeline.php(219): Illuminate/Http/Middleware/HandleCors->handle(Object(Illuminate/Http/Request), Object(Closure))
#42 C:/projetos/gestao-financeira/vendor/laravel/framework/src/Illuminate/Http/Middleware/TrustProxies.php(58): Illuminate/Pipeline/Pipeline->{closure:{closure:Illuminate/Pipeline/Pipeline::carry():194}:195}(Object(Illuminate/Http/Request))
#43 C:/projetos/gestao-financeira/vendor/laravel/framework/src/Illuminate/Pipeline/Pipeline.php(219): Illuminate/Http/Middleware/TrustProxies->handle(Object(Illuminate/Http/Request), Object(Closure))
#44 C:/projetos/gestao-financeira/vendor/laravel/framework/src/Illuminate/Foundation/Http/Middleware/InvokeDeferredCallbacks.php(22): Illuminate/Pipeline/Pipeline->{closure:{closure:Illuminate/Pipeline/Pipeline::carry():194}:195}(Object(Illuminate/Http/Request))
#45 C:/projetos/gestao-financeira/vendor/laravel/framework/src/Illuminate/Pipeline/Pipeline.php(219): Illuminate/Foundation/Http/Middleware/InvokeDeferredCallbacks->handle(Object(Illuminate/Http/Request), Object(Closure))
#46 C:/projetos/gestao-financeira/vendor/laravel/framework/src/Illuminate/Http/Middleware/ValidatePathEncoding.php(28): Illuminate/Pipeline/Pipeline->{closure:{closure:Illuminate/Pipeline/Pipeline::carry():194}:195}(Object(Illuminate/Http/Request))
#47 C:/projetos/gestao-financeira/vendor/laravel/framework/src/Illuminate/Pipeline/Pipeline.php(219): Illuminate/Http/Middleware/ValidatePathEncoding->handle(Object(Illuminate/Http/Request), Object(Closure))
#48 C:/projetos/gestao-financeira/vendor/laravel/framework/src/Illuminate/Pipeline/Pipeline.php(137): Illuminate/Pipeline/Pipeline->{closure:{closure:Illuminate/Pipeline/Pipeline::carry():194}:195}(Object(Illuminate/Http/Request))
#49 C:/projetos/gestao-financeira/vendor/laravel/framework/src/Illuminate/Foundation/Http/Kernel.php(175): Illuminate/Pipeline/Pipeline->then(Object(Closure))
#50 C:/projetos/gestao-financeira/vendor/laravel/framework/src/Illuminate/Foundation/Http/Kernel.php(144): Illuminate/Foundation/Http/Kernel->sendRequestThroughRouter(Object(Illuminate/Http/Request))
#51 C:/projetos/gestao-financeira/vendor/laravel/framework/src/Illuminate/Foundation/Application.php(1220): Illuminate/Foundation/Http/Kernel->handle(Object(Illuminate/Http/Request))
#52 C:/projetos/gestao-financeira/public/index.php(20): Illuminate/Foundation/Application->handleRequest(Object(Illuminate/Http/Request))
#53 C:/Program Files/Herd/resources/app.asar.unpacked/resources/valet/server.php(139): require('C://projetos//ges...')
#54 {main}
"} 
[2026-08-17 15:49:26] local.INFO: [ShopeeAdsService] Consultando Ads por período {"data_inicio":"2026-08-15","data_fim":"2026-08-17"} 
[2026-08-17 15:49:26] local.INFO: ENTROU NO GET SHOPEE {"path":"/api/v2/ads/get_all_cpc_ads_daily_performance","query":{"start_date":"15-08-2026","end_date":"17-08-2026"}} 
[2026-08-17 15:56:55] local.INFO: [ShopeeAdsService] Consultando Ads por período {"data_inicio":"2026-08-15","data_fim":"2026-08-17"} 
[2026-08-17 15:56:55] local.INFO: ENTROU NO GET SHOPEE {"path":"/api/v2/ads/get_all_cpc_ads_daily_performance","query":{"start_date":"15-08-2026","end_date":"17-08-2026"}} 
[2026-08-17 16:02:27] local.INFO: [ShopeeAdsService] Consultando Ads por período {"data_inicio":"2026-08-10","data_fim":"2026-08-16"} 
[2026-08-17 16:02:27] local.INFO: ENTROU NO GET SHOPEE {"path":"/api/v2/ads/get_all_cpc_ads_daily_performance","query":{"start_date":"10-08-2026","end_date":"16-08-2026"}} 
[2026-08-17 16:05:46] local.INFO: [ShopeeAdsService] Consultando Ads por período {"data_inicio":"2026-08-01","data_fim":"2026-08-30"} 
[2026-08-17 16:05:46] local.INFO: ENTROU NO GET SHOPEE {"path":"/api/v2/ads/get_all_cpc_ads_daily_performance","query":{"start_date":"01-08-2026","end_date":"30-08-2026"}} 
[2026-08-17 16:05:47] local.ERROR: [ShopeeAdsService] Erro na API de Ads {"response":{"response":null,"request_id":"e3e3e7f35942dba2233983268862b700","error":"ads.performance.error_date_in_future","message":"The date must be today or earlier than today up to 6 months ago.","warning":""}} 
[2026-08-17 16:05:47] local.ERROR: The date must be today or earlier than today up to 6 months ago. {"userId":1,"exception":"[object] (Exception(code: 0): The date must be today or earlier than today up to 6 months ago. at C:/projetos/gestao-financeira/app/Services/Shopee/ShopeeAdsService.php:259)
[stacktrace]
#0 C:/projetos/gestao-financeira/app/Services/Shopee/ShopeeAdsService.php(108): App/Services/Shopee/ShopeeAdsService->getInvestimentoPeriodo(Object(Illuminate/Support/Carbon), Object(Illuminate/Support/Carbon))
#1 C:/projetos/gestao-financeira/vendor/laravel/framework/src/Illuminate/Cache/Repository.php(584): App/Services/Shopee/ShopeeAdsService->{closure:App/Services/Shopee/ShopeeAdsService::getInvestimento():57}()
#2 C:/projetos/gestao-financeira/vendor/laravel/framework/src/Illuminate/Cache/Repository.php(560): Illuminate/Cache/Repository->rememberWithWarmth('shopee_ads_2026...', Object(Illuminate/Support/Carbon), Object(Closure))
#3 C:/projetos/gestao-financeira/vendor/laravel/framework/src/Illuminate/Cache/CacheManager.php(600): Illuminate/Cache/Repository->remember('shopee_ads_2026...', Object(Illuminate/Support/Carbon), Object(Closure))
#4 C:/projetos/gestao-financeira/vendor/laravel/framework/src/Illuminate/Support/Facades/Facade.php(363): Illuminate/Cache/CacheManager->__call('remember', Array)
#5 C:/projetos/gestao-financeira/app/Services/Shopee/ShopeeAdsService.php(53): Illuminate/Support/Facades/Facade::__callStatic('remember', Array)
#6 C:/projetos/gestao-financeira/app/Http/Controllers/ShopeeDashboardController.php(369): App/Services/Shopee/ShopeeAdsService->getInvestimento(Object(Illuminate/Support/Carbon), Object(Illuminate/Support/Carbon))
#7 C:/projetos/gestao-financeira/vendor/laravel/framework/src/Illuminate/Routing/ControllerDispatcher.php(46): App/Http/Controllers/ShopeeDashboardController->index(Object(Illuminate/Http/Request))
#8 C:/projetos/gestao-financeira/vendor/laravel/framework/src/Illuminate/Routing/Route.php(276): Illuminate/Routing/ControllerDispatcher->dispatch(Object(Illuminate/Routing/Route), Object(App/Http/Controllers/ShopeeDashboardController), 'index')
#9 C:/projetos/gestao-financeira/vendor/laravel/framework/src/Illuminate/Routing/Route.php(216): Illuminate/Routing/Route->runController()
#10 C:/projetos/gestao-financeira/vendor/laravel/framework/src/Illuminate/Routing/Router.php(822): Illuminate/Routing/Route->run()
#11 C:/projetos/gestao-financeira/vendor/laravel/framework/src/Illuminate/Pipeline/Pipeline.php(180): Illuminate/Routing/Router->{closure:Illuminate/Routing/Router::runRouteWithinStack():821}(Object(Illuminate/Http/Request))
#12 C:/projetos/gestao-financeira/vendor/laravel/framework/src/Illuminate/Routing/Middleware/SubstituteBindings.php(52): Illuminate/Pipeline/Pipeline->{closure:Illuminate/Pipeline/Pipeline::prepareDestination():178}(Object(Illuminate/Http/Request))
#13 C:/projetos/gestao-financeira/vendor/laravel/framework/src/Illuminate/Pipeline/Pipeline.php(219): Illuminate/Routing/Middleware/SubstituteBindings->handle(Object(Illuminate/Http/Request), Object(Closure))
#14 C:/projetos/gestao-financeira/vendor/laravel/framework/src/Illuminate/Auth/Middleware/Authenticate.php(63): Illuminate/Pipeline/Pipeline->{closure:{closure:Illuminate/Pipeline/Pipeline::carry():194}:195}(Object(Illuminate/Http/Request))
#15 C:/projetos/gestao-financeira/vendor/laravel/framework/src/Illuminate/Pipeline/Pipeline.php(219): Illuminate/Auth/Middleware/Authenticate->handle(Object(Illuminate/Http/Request), Object(Closure))
#16 C:/projetos/gestao-financeira/vendor/laravel/framework/src/Illuminate/Foundation/Http/Middleware/PreventRequestForgery.php(104): Illuminate/Pipeline/Pipeline->{closure:{closure:Illuminate/Pipeline/Pipeline::carry():194}:195}(Object(Illuminate/Http/Request))
#17 C:/projetos/gestao-financeira/vendor/laravel/framework/src/Illuminate/Pipeline/Pipeline.php(219): Illuminate/Foundation/Http/Middleware/PreventRequestForgery->handle(Object(Illuminate/Http/Request), Object(Closure))
#18 C:/projetos/gestao-financeira/vendor/laravel/framework/src/Illuminate/View/Middleware/ShareErrorsFromSession.php(48): Illuminate/Pipeline/Pipeline->{closure:{closure:Illuminate/Pipeline/Pipeline::carry():194}:195}(Object(Illuminate/Http/Request))
#19 C:/projetos/gestao-financeira/vendor/laravel/framework/src/Illuminate/Pipeline/Pipeline.php(219): Illuminate/View/Middleware/ShareErrorsFromSession->handle(Object(Illuminate/Http/Request), Object(Closure))
#20 C:/projetos/gestao-financeira/vendor/laravel/framework/src/Illuminate/Session/Middleware/StartSession.php(120): Illuminate/Pipeline/Pipeline->{closure:{closure:Illuminate/Pipeline/Pipeline::carry():194}:195}(Object(Illuminate/Http/Request))
#21 C:/projetos/gestao-financeira/vendor/laravel/framework/src/Illuminate/Session/Middleware/StartSession.php(63): Illuminate/Session/Middleware/StartSession->handleStatefulRequest(Object(Illuminate/Http/Request), Object(Illuminate/Session/Store), Object(Closure))
#22 C:/projetos/gestao-financeira/vendor/laravel/framework/src/Illuminate/Pipeline/Pipeline.php(219): Illuminate/Session/Middleware/StartSession->handle(Object(Illuminate/Http/Request), Object(Closure))
#23 C:/projetos/gestao-financeira/vendor/laravel/framework/src/Illuminate/Cookie/Middleware/AddQueuedCookiesToResponse.php(36): Illuminate/Pipeline/Pipeline->{closure:{closure:Illuminate/Pipeline/Pipeline::carry():194}:195}(Object(Illuminate/Http/Request))
#24 C:/projetos/gestao-financeira/vendor/laravel/framework/src/Illuminate/Pipeline/Pipeline.php(219): Illuminate/Cookie/Middleware/AddQueuedCookiesToResponse->handle(Object(Illuminate/Http/Request), Object(Closure))
#25 C:/projetos/gestao-financeira/vendor/laravel/framework/src/Illuminate/Cookie/Middleware/EncryptCookies.php(74): Illuminate/Pipeline/Pipeline->{closure:{closure:Illuminate/Pipeline/Pipeline::carry():194}:195}(Object(Illuminate/Http/Request))
#26 C:/projetos/gestao-financeira/vendor/laravel/framework/src/Illuminate/Pipeline/Pipeline.php(219): Illuminate/Cookie/Middleware/EncryptCookies->handle(Object(Illuminate/Http/Request), Object(Closure))
#27 C:/projetos/gestao-financeira/vendor/laravel/framework/src/Illuminate/Pipeline/Pipeline.php(137): Illuminate/Pipeline/Pipeline->{closure:{closure:Illuminate/Pipeline/Pipeline::carry():194}:195}(Object(Illuminate/Http/Request))
#28 C:/projetos/gestao-financeira/vendor/laravel/framework/src/Illuminate/Routing/Router.php(821): Illuminate/Pipeline/Pipeline->then(Object(Closure))
#29 C:/projetos/gestao-financeira/vendor/laravel/framework/src/Illuminate/Routing/Router.php(800): Illuminate/Routing/Router->runRouteWithinStack(Object(Illuminate/Routing/Route), Object(Illuminate/Http/Request))
#30 C:/projetos/gestao-financeira/vendor/laravel/framework/src/Illuminate/Routing/Router.php(764): Illuminate/Routing/Router->runRoute(Object(Illuminate/Http/Request), Object(Illuminate/Routing/Route))
#31 C:/projetos/gestao-financeira/vendor/laravel/framework/src/Illuminate/Routing/Router.php(753): Illuminate/Routing/Router->dispatchToRoute(Object(Illuminate/Http/Request))
#32 C:/projetos/gestao-financeira/vendor/laravel/framework/src/Illuminate/Foundation/Http/Kernel.php(200): Illuminate/Routing/Router->dispatch(Object(Illuminate/Http/Request))
#33 C:/projetos/gestao-financeira/vendor/laravel/framework/src/Illuminate/Pipeline/Pipeline.php(180): Illuminate/Foundation/Http/Kernel->{closure:Illuminate/Foundation/Http/Kernel::dispatchToRouter():197}(Object(Illuminate/Http/Request))
#34 C:/projetos/gestao-financeira/vendor/laravel/framework/src/Illuminate/Foundation/Http/Middleware/TransformsRequest.php(21): Illuminate/Pipeline/Pipeline->{closure:Illuminate/Pipeline/Pipeline::prepareDestination():178}(Object(Illuminate/Http/Request))
#35 C:/projetos/gestao-financeira/vendor/laravel/framework/src/Illuminate/Foundation/Http/Middleware/ConvertEmptyStringsToNull.php(31): Illuminate/Foundation/Http/Middleware/TransformsRequest->handle(Object(Illuminate/Http/Request), Object(Closure))
#36 C:/projetos/gestao-financeira/vendor/laravel/framework/src/Illuminate/Pipeline/Pipeline.php(219): Illuminate/Foundation/Http/Middleware/ConvertEmptyStringsToNull->handle(Object(Illuminate/Http/Request), Object(Closure))
#37 C:/projetos/gestao-financeira/vendor/laravel/framework/src/Illuminate/Foundation/Http/Middleware/TransformsRequest.php(21): Illuminate/Pipeline/Pipeline->{closure:{closure:Illuminate/Pipeline/Pipeline::carry():194}:195}(Object(Illuminate/Http/Request))
#38 C:/projetos/gestao-financeira/vendor/laravel/framework/src/Illuminate/Foundation/Http/Middleware/TrimStrings.php(51): Illuminate/Foundation/Http/Middleware/TransformsRequest->handle(Object(Illuminate/Http/Request), Object(Closure))
#39 C:/projetos/gestao-financeira/vendor/laravel/framework/src/Illuminate/Pipeline/Pipeline.php(219): Illuminate/Foundation/Http/Middleware/TrimStrings->handle(Object(Illuminate/Http/Request), Object(Closure))
#40 C:/projetos/gestao-financeira/vendor/laravel/framework/src/Illuminate/Http/Middleware/ValidatePostSize.php(27): Illuminate/Pipeline/Pipeline->{closure:{closure:Illuminate/Pipeline/Pipeline::carry():194}:195}(Object(Illuminate/Http/Request))
#41 C:/projetos/gestao-financeira/vendor/laravel/framework/src/Illuminate/Pipeline/Pipeline.php(219): Illuminate/Http/Middleware/ValidatePostSize->handle(Object(Illuminate/Http/Request), Object(Closure))
#42 C:/projetos/gestao-financeira/vendor/laravel/framework/src/Illuminate/Foundation/Http/Middleware/PreventRequestsDuringMaintenance.php(109): Illuminate/Pipeline/Pipeline->{closure:{closure:Illuminate/Pipeline/Pipeline::carry():194}:195}(Object(Illuminate/Http/Request))
#43 C:/projetos/gestao-financeira/vendor/laravel/framework/src/Illuminate/Pipeline/Pipeline.php(219): Illuminate/Foundation/Http/Middleware/PreventRequestsDuringMaintenance->handle(Object(Illuminate/Http/Request), Object(Closure))
#44 C:/projetos/gestao-financeira/vendor/laravel/framework/src/Illuminate/Http/Middleware/HandleCors.php(61): Illuminate/Pipeline/Pipeline->{closure:{closure:Illuminate/Pipeline/Pipeline::carry():194}:195}(Object(Illuminate/Http/Request))
#45 C:/projetos/gestao-financeira/vendor/laravel/framework/src/Illuminate/Pipeline/Pipeline.php(219): Illuminate/Http/Middleware/HandleCors->handle(Object(Illuminate/Http/Request), Object(Closure))
#46 C:/projetos/gestao-financeira/vendor/laravel/framework/src/Illuminate/Http/Middleware/TrustProxies.php(58): Illuminate/Pipeline/Pipeline->{closure:{closure:Illuminate/Pipeline/Pipeline::carry():194}:195}(Object(Illuminate/Http/Request))
#47 C:/projetos/gestao-financeira/vendor/laravel/framework/src/Illuminate/Pipeline/Pipeline.php(219): Illuminate/Http/Middleware/TrustProxies->handle(Object(Illuminate/Http/Request), Object(Closure))
#48 C:/projetos/gestao-financeira/vendor/laravel/framework/src/Illuminate/Foundation/Http/Middleware/InvokeDeferredCallbacks.php(22): Illuminate/Pipeline/Pipeline->{closure:{closure:Illuminate/Pipeline/Pipeline::carry():194}:195}(Object(Illuminate/Http/Request))
#49 C:/projetos/gestao-financeira/vendor/laravel/framework/src/Illuminate/Pipeline/Pipeline.php(219): Illuminate/Foundation/Http/Middleware/InvokeDeferredCallbacks->handle(Object(Illuminate/Http/Request), Object(Closure))
#50 C:/projetos/gestao-financeira/vendor/laravel/framework/src/Illuminate/Http/Middleware/ValidatePathEncoding.php(28): Illuminate/Pipeline/Pipeline->{closure:{closure:Illuminate/Pipeline/Pipeline::carry():194}:195}(Object(Illuminate/Http/Request))
#51 C:/projetos/gestao-financeira/vendor/laravel/framework/src/Illuminate/Pipeline/Pipeline.php(219): Illuminate/Http/Middleware/ValidatePathEncoding->handle(Object(Illuminate/Http/Request), Object(Closure))
#52 C:/projetos/gestao-financeira/vendor/laravel/framework/src/Illuminate/Pipeline/Pipeline.php(137): Illuminate/Pipeline/Pipeline->{closure:{closure:Illuminate/Pipeline/Pipeline::carry():194}:195}(Object(Illuminate/Http/Request))
#53 C:/projetos/gestao-financeira/vendor/laravel/framework/src/Illuminate/Foundation/Http/Kernel.php(175): Illuminate/Pipeline/Pipeline->then(Object(Closure))
#54 C:/projetos/gestao-financeira/vendor/laravel/framework/src/Illuminate/Foundation/Http/Kernel.php(144): Illuminate/Foundation/Http/Kernel->sendRequestThroughRouter(Object(Illuminate/Http/Request))
#55 C:/projetos/gestao-financeira/vendor/laravel/framework/src/Illuminate/Foundation/Application.php(1220): Illuminate/Foundation/Http/Kernel->handle(Object(Illuminate/Http/Request))
#56 C:/projetos/gestao-financeira/public/index.php(20): Illuminate/Foundation/Application->handleRequest(Object(Illuminate/Http/Request))
#57 C:/Program Files/Herd/resources/app.asar.unpacked/resources/valet/server.php(139): require('C://projetos//ges...')
#58 {main}
"} 
[2026-08-17 16:06:30] local.INFO: [ShopeeAdsService] Consultando Ads por período {"data_inicio":"2026-08-01","data_fim":"2026-08-17"} 
[2026-08-17 16:06:30] local.INFO: ENTROU NO GET SHOPEE {"path":"/api/v2/ads/get_all_cpc_ads_daily_performance","query":{"start_date":"01-08-2026","end_date":"17-08-2026"}} 
[2026-08-17 19:36:41] local.INFO: Shopee - refresh token {"status":200,"response":{"partner_id":2039071,"refresh_token":"eyJhbGciOiJIUzI1NiJ9.CJ-6fBABGKi9_u0GIAIo-pmO1AYws6iKxQ04AUABSAk.Cul-XSLBFdv0bglac1DcFSaJfON01caQs4X6XXnYdgE","access_token":"eyJhbGciOiJIUzI1NiJ9.CJ-6fBABGKi9_u0GIAEo-pmO1AYw4Lbp0gY4AUABSAk.RyD0FGNAOOxg1oZkxwMY9AJ-2NkDD0PiNtlJFtnef8Y","expire_in":14400,"request_id":"e3e3e7f35945cdee1ee834770720c100","error":"","message":"","shop_id":1841274536}} 
[2026-08-17 19:36:41] local.INFO: [ShopeeAdsService] Consultando Ads por período {"data_inicio":"2026-08-01","data_fim":"2026-08-17"} 
[2026-08-17 19:36:41] local.INFO: ENTROU NO GET SHOPEE {"path":"/api/v2/ads/get_all_cpc_ads_daily_performance","query":{"start_date":"01-08-2026","end_date":"17-08-2026"}} 
[2026-08-17 22:15:30] local.INFO: ENTROU NO GET SHOPEE {"path":"/api/v2/order/get_order_list","query":{"time_range_field":"create_time","time_from":1786330800,"time_to":1787021999,"page_size":100,"cursor":"","response_optional_fields":"order_status"}} 
[2026-08-17 22:15:40] local.INFO: ENTROU NO GET SHOPEE {"path":"/api/v2/order/get_order_detail","query":{"order_sn_list":"260818MQKAAM4Q","response_optional_fields":"buyer_user_id,buyer_username,recipient_address,item_list,payment_info,shipping_carrier"}} 
[2026-08-17 22:15:41] local.INFO: [ShopeeOrderService] Iniciando gravação do pedido no banco {"order_sn":"260818MQKAAM4Q"} 
[2026-08-17 22:15:41] local.INFO: [ShopeeOrderService] Pedido salvo/atualizado na tabela "pedidos" {"id":831,"pedido_externo":"260818MQKAAM4Q"} 
[2026-08-17 22:15:41] local.INFO: ENTROU NO GET SHOPEE {"path":"/api/v2/order/get_order_detail","query":{"order_sn_list":"260818MQENHSAE","response_optional_fields":"buyer_user_id,buyer_username,recipient_address,item_list,payment_info,shipping_carrier"}} 
[2026-08-17 22:15:43] local.INFO: [ShopeeOrderService] Iniciando gravação do pedido no banco {"order_sn":"260818MQENHSAE"} 
[2026-08-17 22:15:43] local.INFO: [ShopeeOrderService] Pedido salvo/atualizado na tabela "pedidos" {"id":832,"pedido_externo":"260818MQENHSAE"} 
[2026-08-17 22:15:43] local.INFO: ENTROU NO GET SHOPEE {"path":"/api/v2/order/get_order_detail","query":{"order_sn_list":"260818MNYFTTG7","response_optional_fields":"buyer_user_id,buyer_username,recipient_address,item_list,payment_info,shipping_carrier"}} 
[2026-08-17 22:15:45] local.INFO: [ShopeeOrderService] Iniciando gravação do pedido no banco {"order_sn":"260818MNYFTTG7"} 
[2026-08-17 22:15:45] local.INFO: [ShopeeOrderService] Pedido salvo/atualizado na tabela "pedidos" {"id":833,"pedido_externo":"260818MNYFTTG7"} 
[2026-08-17 22:15:45] local.INFO: ENTROU NO GET SHOPEE {"path":"/api/v2/order/get_order_detail","query":{"order_sn_list":"260818MNUVFA2J","response_optional_fields":"buyer_user_id,buyer_username,recipient_address,item_list,payment_info,shipping_carrier"}} 
[2026-08-17 22:15:46] local.INFO: [ShopeeOrderService] Iniciando gravação do pedido no banco {"order_sn":"260818MNUVFA2J"} 
[2026-08-17 22:15:46] local.INFO: [ShopeeOrderService] Pedido salvo/atualizado na tabela "pedidos" {"id":834,"pedido_externo":"260818MNUVFA2J"} 
[2026-08-17 22:15:47] local.INFO: ENTROU NO GET SHOPEE {"path":"/api/v2/order/get_order_detail","query":{"order_sn_list":"260818MMJQD09S","response_optional_fields":"buyer_user_id,buyer_username,recipient_address,item_list,payment_info,shipping_carrier"}} 
[2026-08-17 22:15:48] local.INFO: [ShopeeOrderService] Iniciando gravação do pedido no banco {"order_sn":"260818MMJQD09S"} 
[2026-08-17 22:15:48] local.INFO: [ShopeeOrderService] Pedido salvo/atualizado na tabela "pedidos" {"id":835,"pedido_externo":"260818MMJQD09S"} 
[2026-08-17 22:15:48] local.INFO: ENTROU NO GET SHOPEE {"path":"/api/v2/order/get_order_detail","query":{"order_sn_list":"260818MFK1N7HS","response_optional_fields":"buyer_user_id,buyer_username,recipient_address,item_list,payment_info,shipping_carrier"}} 
[2026-08-17 22:15:50] local.INFO: [ShopeeOrderService] Iniciando gravação do pedido no banco {"order_sn":"260818MFK1N7HS"} 
[2026-08-17 22:15:50] local.INFO: [ShopeeOrderService] Pedido salvo/atualizado na tabela "pedidos" {"id":836,"pedido_externo":"260818MFK1N7HS"} 
[2026-08-17 22:15:50] local.INFO: ENTROU NO GET SHOPEE {"path":"/api/v2/order/get_order_detail","query":{"order_sn_list":"260818MCS4CEB9","response_optional_fields":"buyer_user_id,buyer_username,recipient_address,item_list,payment_info,shipping_carrier"}} 
[2026-08-17 22:15:51] local.INFO: [ShopeeOrderService] Iniciando gravação do pedido no banco {"order_sn":"260818MCS4CEB9"} 
[2026-08-17 22:15:51] local.INFO: [ShopeeOrderService] Pedido salvo/atualizado na tabela "pedidos" {"id":837,"pedido_externo":"260818MCS4CEB9"} 
[2026-08-17 22:15:52] local.INFO: ENTROU NO GET SHOPEE {"path":"/api/v2/order/get_order_detail","query":{"order_sn_list":"260818M9EE8MJ6","response_optional_fields":"buyer_user_id,buyer_username,recipient_address,item_list,payment_info,shipping_carrier"}} 
[2026-08-17 22:15:53] local.INFO: [ShopeeOrderService] Iniciando gravação do pedido no banco {"order_sn":"260818M9EE8MJ6"} 
[2026-08-17 22:15:53] local.INFO: [ShopeeOrderService] Pedido salvo/atualizado na tabela "pedidos" {"id":838,"pedido_externo":"260818M9EE8MJ6"} 
[2026-08-17 22:15:53] local.INFO: ENTROU NO GET SHOPEE {"path":"/api/v2/order/get_order_detail","query":{"order_sn_list":"260818M13BC8WR","response_optional_fields":"buyer_user_id,buyer_username,recipient_address,item_list,payment_info,shipping_carrier"}} 
[2026-08-17 22:15:54] local.INFO: [ShopeeOrderService] Iniciando gravação do pedido no banco {"order_sn":"260818M13BC8WR"} 
[2026-08-17 22:15:55] local.INFO: [ShopeeOrderService] Pedido salvo/atualizado na tabela "pedidos" {"id":839,"pedido_externo":"260818M13BC8WR"} 
[2026-08-17 22:15:55] local.INFO: ENTROU NO GET SHOPEE {"path":"/api/v2/order/get_order_detail","query":{"order_sn_list":"260818KX9KVR9R","response_optional_fields":"buyer_user_id,buyer_username,recipient_address,item_list,payment_info,shipping_carrier"}} 
[2026-08-17 22:15:56] local.INFO: [ShopeeOrderService] Iniciando gravação do pedido no banco {"order_sn":"260818KX9KVR9R"} 
[2026-08-17 22:15:56] local.INFO: [ShopeeOrderService] Pedido salvo/atualizado na tabela "pedidos" {"id":799,"pedido_externo":"260818KX9KVR9R"} 
[2026-08-17 22:15:57] local.INFO: ENTROU NO GET SHOPEE {"path":"/api/v2/order/get_order_detail","query":{"order_sn_list":"260817KQSSYFKH","response_optional_fields":"buyer_user_id,buyer_username,recipient_address,item_list,payment_info,shipping_carrier"}} 
[2026-08-17 22:15:58] local.INFO: [ShopeeOrderService] Iniciando gravação do pedido no banco {"order_sn":"260817KQSSYFKH"} 
[2026-08-17 22:15:58] local.INFO: [ShopeeOrderService] Pedido salvo/atualizado na tabela "pedidos" {"id":800,"pedido_externo":"260817KQSSYFKH"} 
[2026-08-17 22:15:58] local.INFO: ENTROU NO GET SHOPEE {"path":"/api/v2/order/get_order_detail","query":{"order_sn_list":"260817K66MCNV2","response_optional_fields":"buyer_user_id,buyer_username,recipient_address,item_list,payment_info,shipping_carrier"}} 
[2026-08-17 22:16:00] local.INFO: [ShopeeOrderService] Iniciando gravação do pedido no banco {"order_sn":"260817K66MCNV2"} 
[2026-08-17 22:16:00] local.INFO: [ShopeeOrderService] Pedido salvo/atualizado na tabela "pedidos" {"id":801,"pedido_externo":"260817K66MCNV2"} 
[2026-08-17 22:16:00] local.INFO: ENTROU NO GET SHOPEE {"path":"/api/v2/order/get_order_detail","query":{"order_sn_list":"260817K2N5NTTN","response_optional_fields":"buyer_user_id,buyer_username,recipient_address,item_list,payment_info,shipping_carrier"}} 
[2026-08-17 22:16:01] local.INFO: [ShopeeOrderService] Iniciando gravação do pedido no banco {"order_sn":"260817K2N5NTTN"} 
[2026-08-17 22:16:01] local.INFO: [ShopeeOrderService] Pedido salvo/atualizado na tabela "pedidos" {"id":802,"pedido_externo":"260817K2N5NTTN"} 
[2026-08-17 22:16:02] local.INFO: ENTROU NO GET SHOPEE {"path":"/api/v2/order/get_order_detail","query":{"order_sn_list":"260817JGVBWHUF","response_optional_fields":"buyer_user_id,buyer_username,recipient_address,item_list,payment_info,shipping_carrier"}} 
[2026-08-17 22:16:03] local.INFO: [ShopeeOrderService] Iniciando gravação do pedido no banco {"order_sn":"260817JGVBWHUF"} 
[2026-08-17 22:16:03] local.INFO: [ShopeeOrderService] Pedido salvo/atualizado na tabela "pedidos" {"id":803,"pedido_externo":"260817JGVBWHUF"} 
[2026-08-17 22:16:03] local.INFO: ENTROU NO GET SHOPEE {"path":"/api/v2/order/get_order_detail","query":{"order_sn_list":"260817JA6VQ1YF","response_optional_fields":"buyer_user_id,buyer_username,recipient_address,item_list,payment_info,shipping_carrier"}} 
[2026-08-17 22:16:05] local.INFO: [ShopeeOrderService] Iniciando gravação do pedido no banco {"order_sn":"260817JA6VQ1YF"} 
[2026-08-17 22:16:05] local.INFO: [ShopeeOrderService] Pedido salvo/atualizado na tabela "pedidos" {"id":804,"pedido_externo":"260817JA6VQ1YF"} 
[2026-08-17 22:16:05] local.INFO: ENTROU NO GET SHOPEE {"path":"/api/v2/order/get_order_detail","query":{"order_sn_list":"260817J9QPCDQ5","response_optional_fields":"buyer_user_id,buyer_username,recipient_address,item_list,payment_info,shipping_carrier"}} 
[2026-08-17 22:16:06] local.INFO: [ShopeeOrderService] Iniciando gravação do pedido no banco {"order_sn":"260817J9QPCDQ5"} 
[2026-08-17 22:16:07] local.INFO: [ShopeeOrderService] Pedido salvo/atualizado na tabela "pedidos" {"id":805,"pedido_externo":"260817J9QPCDQ5"} 
[2026-08-17 22:16:07] local.INFO: ENTROU NO GET SHOPEE {"path":"/api/v2/order/get_order_detail","query":{"order_sn_list":"260817J5EXV0HC","response_optional_fields":"buyer_user_id,buyer_username,recipient_address,item_list,payment_info,shipping_carrier"}} 
[2026-08-17 22:16:08] local.INFO: [ShopeeOrderService] Iniciando gravação do pedido no banco {"order_sn":"260817J5EXV0HC"} 
[2026-08-17 22:16:08] local.INFO: [ShopeeOrderService] Pedido salvo/atualizado na tabela "pedidos" {"id":806,"pedido_externo":"260817J5EXV0HC"} 
[2026-08-17 22:16:08] local.INFO: ENTROU NO GET SHOPEE {"path":"/api/v2/order/get_order_detail","query":{"order_sn_list":"260817J037TFHG","response_optional_fields":"buyer_user_id,buyer_username,recipient_address,item_list,payment_info,shipping_carrier"}} 
[2026-08-17 22:16:10] local.INFO: [ShopeeOrderService] Iniciando gravação do pedido no banco {"order_sn":"260817J037TFHG"} 
[2026-08-17 22:16:10] local.INFO: [ShopeeOrderService] Pedido salvo/atualizado na tabela "pedidos" {"id":807,"pedido_externo":"260817J037TFHG"} 
[2026-08-17 22:16:10] local.INFO: ENTROU NO GET SHOPEE {"path":"/api/v2/order/get_order_detail","query":{"order_sn_list":"260817HGWJQC1M","response_optional_fields":"buyer_user_id,buyer_username,recipient_address,item_list,payment_info,shipping_carrier"}} 
[2026-08-17 22:16:12] local.INFO: [ShopeeOrderService] Iniciando gravação do pedido no banco {"order_sn":"260817HGWJQC1M"} 
[2026-08-17 22:16:12] local.INFO: [ShopeeOrderService] Pedido salvo/atualizado na tabela "pedidos" {"id":808,"pedido_externo":"260817HGWJQC1M"} 
[2026-08-17 22:16:12] local.INFO: ENTROU NO GET SHOPEE {"path":"/api/v2/order/get_order_detail","query":{"order_sn_list":"260816H92KVMYK","response_optional_fields":"buyer_user_id,buyer_username,recipient_address,item_list,payment_info,shipping_carrier"}} 
[2026-08-17 22:16:13] local.INFO: [ShopeeOrderService] Iniciando gravação do pedido no banco {"order_sn":"260816H92KVMYK"} 
[2026-08-17 22:16:13] local.INFO: [ShopeeOrderService] Pedido salvo/atualizado na tabela "pedidos" {"id":809,"pedido_externo":"260816H92KVMYK"} 
[2026-08-17 22:16:14] local.INFO: ENTROU NO GET SHOPEE {"path":"/api/v2/order/get_order_detail","query":{"order_sn_list":"260816H8DMEN64","response_optional_fields":"buyer_user_id,buyer_username,recipient_address,item_list,payment_info,shipping_carrier"}} 
[2026-08-17 22:16:15] local.INFO: [ShopeeOrderService] Iniciando gravação do pedido no banco {"order_sn":"260816H8DMEN64"} 
[2026-08-17 22:16:15] local.INFO: [ShopeeOrderService] Pedido salvo/atualizado na tabela "pedidos" {"id":810,"pedido_externo":"260816H8DMEN64"} 
[2026-08-17 22:16:15] local.INFO: ENTROU NO GET SHOPEE {"path":"/api/v2/order/get_order_detail","query":{"order_sn_list":"260816H5EQ0842","response_optional_fields":"buyer_user_id,buyer_username,recipient_address,item_list,payment_info,shipping_carrier"}} 
[2026-08-17 22:16:17] local.INFO: [ShopeeOrderService] Iniciando gravação do pedido no banco {"order_sn":"260816H5EQ0842"} 
[2026-08-17 22:16:17] local.INFO: [ShopeeOrderService] Pedido salvo/atualizado na tabela "pedidos" {"id":811,"pedido_externo":"260816H5EQ0842"} 
[2026-08-17 22:16:17] local.INFO: ENTROU NO GET SHOPEE {"path":"/api/v2/order/get_order_detail","query":{"order_sn_list":"260816GQF7J8UA","response_optional_fields":"buyer_user_id,buyer_username,recipient_address,item_list,payment_info,shipping_carrier"}} 
[2026-08-17 22:16:19] local.INFO: [ShopeeOrderService] Iniciando gravação do pedido no banco {"order_sn":"260816GQF7J8UA"} 
[2026-08-17 22:16:19] local.INFO: [ShopeeOrderService] Pedido salvo/atualizado na tabela "pedidos" {"id":812,"pedido_externo":"260816GQF7J8UA"} 
[2026-08-17 22:16:19] local.INFO: ENTROU NO GET SHOPEE {"path":"/api/v2/order/get_order_detail","query":{"order_sn_list":"260816GKAPJF22","response_optional_fields":"buyer_user_id,buyer_username,recipient_address,item_list,payment_info,shipping_carrier"}} 
[2026-08-17 22:16:20] local.INFO: [ShopeeOrderService] Iniciando gravação do pedido no banco {"order_sn":"260816GKAPJF22"} 
[2026-08-17 22:16:20] local.INFO: [ShopeeOrderService] Pedido salvo/atualizado na tabela "pedidos" {"id":813,"pedido_externo":"260816GKAPJF22"} 
[2026-08-17 22:16:20] local.INFO: ENTROU NO GET SHOPEE {"path":"/api/v2/order/get_order_detail","query":{"order_sn_list":"260816FU6PMFU6","response_optional_fields":"buyer_user_id,buyer_username,recipient_address,item_list,payment_info,shipping_carrier"}} 
[2026-08-17 22:16:22] local.INFO: [ShopeeOrderService] Iniciando gravação do pedido no banco {"order_sn":"260816FU6PMFU6"} 
[2026-08-17 22:16:22] local.INFO: [ShopeeOrderService] Pedido salvo/atualizado na tabela "pedidos" {"id":814,"pedido_externo":"260816FU6PMFU6"} 
[2026-08-17 22:16:22] local.INFO: ENTROU NO GET SHOPEE {"path":"/api/v2/order/get_order_detail","query":{"order_sn_list":"260816FSDN8QUY","response_optional_fields":"buyer_user_id,buyer_username,recipient_address,item_list,payment_info,shipping_carrier"}} 
[2026-08-17 22:16:24] local.INFO: [ShopeeOrderService] Iniciando gravação do pedido no banco {"order_sn":"260816FSDN8QUY"} 
[2026-08-17 22:16:24] local.INFO: [ShopeeOrderService] Pedido salvo/atualizado na tabela "pedidos" {"id":815,"pedido_externo":"260816FSDN8QUY"} 
[2026-08-17 22:16:24] local.INFO: ENTROU NO GET SHOPEE {"path":"/api/v2/order/get_order_detail","query":{"order_sn_list":"260816FSA9FUC7","response_optional_fields":"buyer_user_id,buyer_username,recipient_address,item_list,payment_info,shipping_carrier"}} 
[2026-08-17 22:16:25] local.INFO: [ShopeeOrderService] Iniciando gravação do pedido no banco {"order_sn":"260816FSA9FUC7"} 
[2026-08-17 22:16:25] local.INFO: [ShopeeOrderService] Pedido salvo/atualizado na tabela "pedidos" {"id":816,"pedido_externo":"260816FSA9FUC7"} 
[2026-08-17 22:16:26] local.INFO: ENTROU NO GET SHOPEE {"path":"/api/v2/order/get_order_detail","query":{"order_sn_list":"260816FRNHQM6H","response_optional_fields":"buyer_user_id,buyer_username,recipient_address,item_list,payment_info,shipping_carrier"}} 
[2026-08-17 22:16:27] local.INFO: [ShopeeOrderService] Iniciando gravação do pedido no banco {"order_sn":"260816FRNHQM6H"} 
[2026-08-17 22:16:27] local.INFO: [ShopeeOrderService] Pedido salvo/atualizado na tabela "pedidos" {"id":817,"pedido_externo":"260816FRNHQM6H"} 
[2026-08-17 22:16:27] local.INFO: ENTROU NO GET SHOPEE {"path":"/api/v2/order/get_order_detail","query":{"order_sn_list":"260816FQ3VW9VS","response_optional_fields":"buyer_user_id,buyer_username,recipient_address,item_list,payment_info,shipping_carrier"}} 
[2026-08-17 22:16:29] local.INFO: [ShopeeOrderService] Iniciando gravação do pedido no banco {"order_sn":"260816FQ3VW9VS"} 
[2026-08-17 22:16:29] local.INFO: [ShopeeOrderService] Pedido salvo/atualizado na tabela "pedidos" {"id":818,"pedido_externo":"260816FQ3VW9VS"} 
[2026-08-17 22:16:29] local.INFO: [ShopeeAdsService] Consultando Ads por hora {"data":"2026-08-17"} 
[2026-08-17 22:16:29] local.INFO: ENTROU NO GET SHOPEE {"path":"/api/v2/ads/get_all_cpc_ads_hourly_performance","query":{"performance_date":"17-08-2026"}} 
[2026-08-17 22:16:29] local.INFO: ENTROU NO GET SHOPEE {"path":"/api/v2/order/get_order_detail","query":{"order_sn_list":"260816FPTDPRRC","response_optional_fields":"buyer_user_id,buyer_username,recipient_address,item_list,payment_info,shipping_carrier"}} 
[2026-08-17 22:16:30] local.INFO: [ShopeeOrderService] Iniciando gravação do pedido no banco {"order_sn":"260816FPTDPRRC"} 
[2026-08-17 22:16:30] local.INFO: [ShopeeOrderService] Pedido salvo/atualizado na tabela "pedidos" {"id":819,"pedido_externo":"260816FPTDPRRC"} 
[2026-08-17 22:16:31] local.INFO: ENTROU NO GET SHOPEE {"path":"/api/v2/order/get_order_detail","query":{"order_sn_list":"260816FJGKW12A","response_optional_fields":"buyer_user_id,buyer_username,recipient_address,item_list,payment_info,shipping_carrier"}} 
[2026-08-17 22:16:32] local.INFO: [ShopeeOrderService] Iniciando gravação do pedido no banco {"order_sn":"260816FJGKW12A"} 
[2026-08-17 22:16:32] local.INFO: [ShopeeOrderService] Pedido salvo/atualizado na tabela "pedidos" {"id":820,"pedido_externo":"260816FJGKW12A"} 
[2026-08-17 22:16:32] local.INFO: ENTROU NO GET SHOPEE {"path":"/api/v2/order/get_order_detail","query":{"order_sn_list":"260816FGNA3DSN","response_optional_fields":"buyer_user_id,buyer_username,recipient_address,item_list,payment_info,shipping_carrier"}} 
[2026-08-17 22:16:34] local.INFO: [ShopeeOrderService] Iniciando gravação do pedido no banco {"order_sn":"260816FGNA3DSN"} 
[2026-08-17 22:16:34] local.INFO: [ShopeeOrderService] Pedido salvo/atualizado na tabela "pedidos" {"id":821,"pedido_externo":"260816FGNA3DSN"} 
[2026-08-17 22:16:34] local.INFO: ENTROU NO GET SHOPEE {"path":"/api/v2/order/get_order_detail","query":{"order_sn_list":"260816FC3ETKES","response_optional_fields":"buyer_user_id,buyer_username,recipient_address,item_list,payment_info,shipping_carrier"}} 
[2026-08-17 22:16:35] local.INFO: [ShopeeOrderService] Iniciando gravação do pedido no banco {"order_sn":"260816FC3ETKES"} 
[2026-08-17 22:16:36] local.INFO: [ShopeeOrderService] Pedido salvo/atualizado na tabela "pedidos" {"id":822,"pedido_externo":"260816FC3ETKES"} 
[2026-08-17 22:16:36] local.INFO: ENTROU NO GET SHOPEE {"path":"/api/v2/order/get_order_detail","query":{"order_sn_list":"260816F7YJSN54","response_optional_fields":"buyer_user_id,buyer_username,recipient_address,item_list,payment_info,shipping_carrier"}} 
[2026-08-17 22:16:37] local.INFO: [ShopeeOrderService] Iniciando gravação do pedido no banco {"order_sn":"260816F7YJSN54"} 
[2026-08-17 22:16:37] local.INFO: [ShopeeOrderService] Pedido salvo/atualizado na tabela "pedidos" {"id":823,"pedido_externo":"260816F7YJSN54"} 
[2026-08-17 22:16:37] local.INFO: ENTROU NO GET SHOPEE {"path":"/api/v2/order/get_order_detail","query":{"order_sn_list":"260816EXW1BVRP","response_optional_fields":"buyer_user_id,buyer_username,recipient_address,item_list,payment_info,shipping_carrier"}} 
[2026-08-17 22:16:39] local.INFO: [ShopeeOrderService] Iniciando gravação do pedido no banco {"order_sn":"260816EXW1BVRP"} 
[2026-08-17 22:16:39] local.INFO: [ShopeeOrderService] Pedido salvo/atualizado na tabela "pedidos" {"id":824,"pedido_externo":"260816EXW1BVRP"} 
[2026-08-17 22:16:39] local.INFO: ENTROU NO GET SHOPEE {"path":"/api/v2/order/get_order_detail","query":{"order_sn_list":"260815D2UWNYM9","response_optional_fields":"buyer_user_id,buyer_username,recipient_address,item_list,payment_info,shipping_carrier"}} 
[2026-08-17 22:16:40] local.INFO: [ShopeeOrderService] Iniciando gravação do pedido no banco {"order_sn":"260815D2UWNYM9"} 
[2026-08-17 22:16:40] local.INFO: [ShopeeOrderService] Pedido salvo/atualizado na tabela "pedidos" {"id":825,"pedido_externo":"260815D2UWNYM9"} 
[2026-08-17 22:16:41] local.INFO: ENTROU NO GET SHOPEE {"path":"/api/v2/order/get_order_detail","query":{"order_sn_list":"260815D2FPMHNM","response_optional_fields":"buyer_user_id,buyer_username,recipient_address,item_list,payment_info,shipping_carrier"}} 
[2026-08-17 22:16:42] local.INFO: [ShopeeOrderService] Iniciando gravação do pedido no banco {"order_sn":"260815D2FPMHNM"} 
[2026-08-17 22:16:42] local.INFO: [ShopeeOrderService] Pedido salvo/atualizado na tabela "pedidos" {"id":826,"pedido_externo":"260815D2FPMHNM"} 
[2026-08-17 22:16:43] local.INFO: ENTROU NO GET SHOPEE {"path":"/api/v2/order/get_order_detail","query":{"order_sn_list":"260815D264GS1M","response_optional_fields":"buyer_user_id,buyer_username,recipient_address,item_list,payment_info,shipping_carrier"}} 
[2026-08-17 22:16:44] local.INFO: [ShopeeOrderService] Iniciando gravação do pedido no banco {"order_sn":"260815D264GS1M"} 
[2026-08-17 22:16:44] local.INFO: [ShopeeOrderService] Pedido salvo/atualizado na tabela "pedidos" {"id":827,"pedido_externo":"260815D264GS1M"} 
[2026-08-17 22:16:45] local.INFO: ENTROU NO GET SHOPEE {"path":"/api/v2/order/get_order_detail","query":{"order_sn_list":"260815C9KUR19H","response_optional_fields":"buyer_user_id,buyer_username,recipient_address,item_list,payment_info,shipping_carrier"}} 
[2026-08-17 22:16:46] local.INFO: [ShopeeOrderService] Iniciando gravação do pedido no banco {"order_sn":"260815C9KUR19H"} 
[2026-08-17 22:16:46] local.INFO: [ShopeeOrderService] Pedido salvo/atualizado na tabela "pedidos" {"id":828,"pedido_externo":"260815C9KUR19H"} 
[2026-08-17 22:16:46] local.INFO: ENTROU NO GET SHOPEE {"path":"/api/v2/order/get_order_detail","query":{"order_sn_list":"260814C4GV322P","response_optional_fields":"buyer_user_id,buyer_username,recipient_address,item_list,payment_info,shipping_carrier"}} 
[2026-08-17 22:16:47] local.INFO: [ShopeeOrderService] Iniciando gravação do pedido no banco {"order_sn":"260814C4GV322P"} 
[2026-08-17 22:16:47] local.INFO: [ShopeeOrderService] Pedido salvo/atualizado na tabela "pedidos" {"id":829,"pedido_externo":"260814C4GV322P"} 
[2026-08-17 22:16:48] local.INFO: ENTROU NO GET SHOPEE {"path":"/api/v2/order/get_order_detail","query":{"order_sn_list":"260814C14DPDQP","response_optional_fields":"buyer_user_id,buyer_username,recipient_address,item_list,payment_info,shipping_carrier"}} 
[2026-08-17 22:16:49] local.INFO: [ShopeeOrderService] Iniciando gravação do pedido no banco {"order_sn":"260814C14DPDQP"} 
[2026-08-17 22:16:49] local.INFO: [ShopeeOrderService] Pedido salvo/atualizado na tabela "pedidos" {"id":830,"pedido_externo":"260814C14DPDQP"} 
[2026-08-17 22:16:50] local.INFO: ENTROU NO GET SHOPEE {"path":"/api/v2/order/get_order_detail","query":{"order_sn_list":"260814BT6NB3HX","response_optional_fields":"buyer_user_id,buyer_username,recipient_address,item_list,payment_info,shipping_carrier"}} 
[2026-08-17 22:16:51] local.INFO: [ShopeeOrderService] Iniciando gravação do pedido no banco {"order_sn":"260814BT6NB3HX"} 
[2026-08-17 22:16:51] local.INFO: [ShopeeOrderService] Pedido salvo/atualizado na tabela "pedidos" {"id":794,"pedido_externo":"260814BT6NB3HX"} 
[2026-08-17 22:16:51] local.INFO: ENTROU NO GET SHOPEE {"path":"/api/v2/order/get_order_detail","query":{"order_sn_list":"260814B9MAQFUF","response_optional_fields":"buyer_user_id,buyer_username,recipient_address,item_list,payment_info,shipping_carrier"}} 
[2026-08-17 22:16:53] local.INFO: [ShopeeOrderService] Iniciando gravação do pedido no banco {"order_sn":"260814B9MAQFUF"} 
[2026-08-17 22:16:53] local.INFO: [ShopeeOrderService] Pedido salvo/atualizado na tabela "pedidos" {"id":795,"pedido_externo":"260814B9MAQFUF"} 
[2026-08-17 22:16:53] local.INFO: ENTROU NO GET SHOPEE {"path":"/api/v2/order/get_order_detail","query":{"order_sn_list":"260814ATJS98B6","response_optional_fields":"buyer_user_id,buyer_username,recipient_address,item_list,payment_info,shipping_carrier"}} 
[2026-08-17 22:16:54] local.INFO: [ShopeeOrderService] Iniciando gravação do pedido no banco {"order_sn":"260814ATJS98B6"} 
[2026-08-17 22:16:54] local.INFO: [ShopeeOrderService] Pedido salvo/atualizado na tabela "pedidos" {"id":796,"pedido_externo":"260814ATJS98B6"} 
[2026-08-17 22:16:55] local.INFO: ENTROU NO GET SHOPEE {"path":"/api/v2/order/get_order_detail","query":{"order_sn_list":"260814AH94X3S3","response_optional_fields":"buyer_user_id,buyer_username,recipient_address,item_list,payment_info,shipping_carrier"}} 
[2026-08-17 22:16:56] local.INFO: [ShopeeOrderService] Iniciando gravação do pedido no banco {"order_sn":"260814AH94X3S3"} 
[2026-08-17 22:16:56] local.INFO: [ShopeeOrderService] Pedido salvo/atualizado na tabela "pedidos" {"id":797,"pedido_externo":"260814AH94X3S3"} 
[2026-08-17 22:16:56] local.INFO: ENTROU NO GET SHOPEE {"path":"/api/v2/order/get_order_detail","query":{"order_sn_list":"260814AGWPNX69","response_optional_fields":"buyer_user_id,buyer_username,recipient_address,item_list,payment_info,shipping_carrier"}} 
[2026-08-17 22:16:58] local.INFO: [ShopeeOrderService] Iniciando gravação do pedido no banco {"order_sn":"260814AGWPNX69"} 
[2026-08-17 22:16:58] local.INFO: [ShopeeOrderService] Pedido salvo/atualizado na tabela "pedidos" {"id":798,"pedido_externo":"260814AGWPNX69"} 
[2026-08-17 22:16:58] local.INFO: ENTROU NO GET SHOPEE {"path":"/api/v2/order/get_order_detail","query":{"order_sn_list":"260814A73XCB1A","response_optional_fields":"buyer_user_id,buyer_username,recipient_address,item_list,payment_info,shipping_carrier"}} 
[2026-08-17 22:16:59] local.INFO: [ShopeeOrderService] Iniciando gravação do pedido no banco {"order_sn":"260814A73XCB1A"} 
[2026-08-17 22:16:59] local.INFO: [ShopeeOrderService] Pedido salvo/atualizado na tabela "pedidos" {"id":763,"pedido_externo":"260814A73XCB1A"} 
[2026-08-17 22:17:00] local.INFO: ENTROU NO GET SHOPEE {"path":"/api/v2/order/get_order_detail","query":{"order_sn_list":"2608149YM90315","response_optional_fields":"buyer_user_id,buyer_username,recipient_address,item_list,payment_info,shipping_carrier"}} 
[2026-08-17 22:17:01] local.INFO: [ShopeeOrderService] Iniciando gravação do pedido no banco {"order_sn":"2608149YM90315"} 
[2026-08-17 22:17:01] local.INFO: [ShopeeOrderService] Pedido salvo/atualizado na tabela "pedidos" {"id":764,"pedido_externo":"2608149YM90315"} 
[2026-08-17 22:17:01] local.INFO: ENTROU NO GET SHOPEE {"path":"/api/v2/order/get_order_detail","query":{"order_sn_list":"2608149UR4VMTC","response_optional_fields":"buyer_user_id,buyer_username,recipient_address,item_list,payment_info,shipping_carrier"}} 
[2026-08-17 22:17:02] local.INFO: [ShopeeOrderService] Iniciando gravação do pedido no banco {"order_sn":"2608149UR4VMTC"} 
[2026-08-17 22:17:03] local.INFO: [ShopeeOrderService] Pedido salvo/atualizado na tabela "pedidos" {"id":765,"pedido_externo":"2608149UR4VMTC"} 
[2026-08-17 22:17:03] local.INFO: ENTROU NO GET SHOPEE {"path":"/api/v2/order/get_order_detail","query":{"order_sn_list":"2608149RWW6TFS","response_optional_fields":"buyer_user_id,buyer_username,recipient_address,item_list,payment_info,shipping_carrier"}} 
[2026-08-17 22:17:04] local.INFO: [ShopeeOrderService] Iniciando gravação do pedido no banco {"order_sn":"2608149RWW6TFS"} 
[2026-08-17 22:17:04] local.INFO: [ShopeeOrderService] Pedido salvo/atualizado na tabela "pedidos" {"id":766,"pedido_externo":"2608149RWW6TFS"} 
[2026-08-17 22:17:04] local.INFO: ENTROU NO GET SHOPEE {"path":"/api/v2/order/get_order_detail","query":{"order_sn_list":"2608139NYFWS2F","response_optional_fields":"buyer_user_id,buyer_username,recipient_address,item_list,payment_info,shipping_carrier"}} 
[2026-08-17 22:17:06] local.INFO: [ShopeeOrderService] Iniciando gravação do pedido no banco {"order_sn":"2608139NYFWS2F"} 
[2026-08-17 22:17:06] local.INFO: [ShopeeOrderService] Pedido salvo/atualizado na tabela "pedidos" {"id":767,"pedido_externo":"2608139NYFWS2F"} 
[2026-08-17 22:17:06] local.INFO: ENTROU NO GET SHOPEE {"path":"/api/v2/order/get_order_detail","query":{"order_sn_list":"2608139E0XKQJH","response_optional_fields":"buyer_user_id,buyer_username,recipient_address,item_list,payment_info,shipping_carrier"}} 
[2026-08-17 22:17:07] local.INFO: [ShopeeOrderService] Iniciando gravação do pedido no banco {"order_sn":"2608139E0XKQJH"} 
[2026-08-17 22:17:07] local.INFO: [ShopeeOrderService] Pedido salvo/atualizado na tabela "pedidos" {"id":768,"pedido_externo":"2608139E0XKQJH"} 
[2026-08-17 22:17:07] local.INFO: ENTROU NO GET SHOPEE {"path":"/api/v2/order/get_order_detail","query":{"order_sn_list":"2608139AUQYBS0","response_optional_fields":"buyer_user_id,buyer_username,recipient_address,item_list,payment_info,shipping_carrier"}} 
[2026-08-17 22:17:09] local.INFO: [ShopeeOrderService] Iniciando gravação do pedido no banco {"order_sn":"2608139AUQYBS0"} 
[2026-08-17 22:17:09] local.INFO: [ShopeeOrderService] Pedido salvo/atualizado na tabela "pedidos" {"id":769,"pedido_externo":"2608139AUQYBS0"} 
[2026-08-17 22:17:09] local.INFO: ENTROU NO GET SHOPEE {"path":"/api/v2/order/get_order_detail","query":{"order_sn_list":"260813963R7YH4","response_optional_fields":"buyer_user_id,buyer_username,recipient_address,item_list,payment_info,shipping_carrier"}} 
[2026-08-17 22:17:10] local.INFO: [ShopeeOrderService] Iniciando gravação do pedido no banco {"order_sn":"260813963R7YH4"} 
[2026-08-17 22:17:10] local.INFO: [ShopeeOrderService] Pedido salvo/atualizado na tabela "pedidos" {"id":770,"pedido_externo":"260813963R7YH4"} 
[2026-08-17 22:17:11] local.INFO: ENTROU NO GET SHOPEE {"path":"/api/v2/order/get_order_detail","query":{"order_sn_list":"26081395VR2CV3","response_optional_fields":"buyer_user_id,buyer_username,recipient_address,item_list,payment_info,shipping_carrier"}} 
[2026-08-17 22:17:12] local.INFO: [ShopeeOrderService] Iniciando gravação do pedido no banco {"order_sn":"26081395VR2CV3"} 
[2026-08-17 22:17:12] local.INFO: [ShopeeOrderService] Pedido salvo/atualizado na tabela "pedidos" {"id":771,"pedido_externo":"26081395VR2CV3"} 
[2026-08-17 22:17:12] local.INFO: ENTROU NO GET SHOPEE {"path":"/api/v2/order/get_order_detail","query":{"order_sn_list":"26081392U1YE60","response_optional_fields":"buyer_user_id,buyer_username,recipient_address,item_list,payment_info,shipping_carrier"}} 
[2026-08-17 22:17:14] local.INFO: [ShopeeOrderService] Iniciando gravação do pedido no banco {"order_sn":"26081392U1YE60"} 
[2026-08-17 22:17:14] local.INFO: [ShopeeOrderService] Pedido salvo/atualizado na tabela "pedidos" {"id":772,"pedido_externo":"26081392U1YE60"} 
[2026-08-17 22:17:14] local.INFO: ENTROU NO GET SHOPEE {"path":"/api/v2/order/get_order_detail","query":{"order_sn_list":"2608138Y7V0HV8","response_optional_fields":"buyer_user_id,buyer_username,recipient_address,item_list,payment_info,shipping_carrier"}} 
[2026-08-17 22:17:15] local.INFO: [ShopeeOrderService] Iniciando gravação do pedido no banco {"order_sn":"2608138Y7V0HV8"} 
[2026-08-17 22:17:15] local.INFO: [ShopeeOrderService] Pedido salvo/atualizado na tabela "pedidos" {"id":773,"pedido_externo":"2608138Y7V0HV8"} 
[2026-08-17 22:17:16] local.INFO: ENTROU NO GET SHOPEE {"path":"/api/v2/order/get_order_detail","query":{"order_sn_list":"260813878B267K","response_optional_fields":"buyer_user_id,buyer_username,recipient_address,item_list,payment_info,shipping_carrier"}} 
[2026-08-17 22:17:17] local.INFO: [ShopeeOrderService] Iniciando gravação do pedido no banco {"order_sn":"260813878B267K"} 
[2026-08-17 22:17:17] local.INFO: [ShopeeOrderService] Pedido salvo/atualizado na tabela "pedidos" {"id":774,"pedido_externo":"260813878B267K"} 
[2026-08-17 22:17:17] local.INFO: ENTROU NO GET SHOPEE {"path":"/api/v2/order/get_order_detail","query":{"order_sn_list":"260813843A569D","response_optional_fields":"buyer_user_id,buyer_username,recipient_address,item_list,payment_info,shipping_carrier"}} 
[2026-08-17 22:17:18] local.INFO: [ShopeeOrderService] Iniciando gravação do pedido no banco {"order_sn":"260813843A569D"} 
[2026-08-17 22:17:18] local.INFO: [ShopeeOrderService] Pedido salvo/atualizado na tabela "pedidos" {"id":775,"pedido_externo":"260813843A569D"} 
[2026-08-17 22:17:19] local.INFO: ENTROU NO GET SHOPEE {"path":"/api/v2/order/get_order_detail","query":{"order_sn_list":"26081382RV2P2Y","response_optional_fields":"buyer_user_id,buyer_username,recipient_address,item_list,payment_info,shipping_carrier"}} 
[2026-08-17 22:17:20] local.INFO: [ShopeeOrderService] Iniciando gravação do pedido no banco {"order_sn":"26081382RV2P2Y"} 
[2026-08-17 22:17:20] local.INFO: [ShopeeOrderService] Pedido salvo/atualizado na tabela "pedidos" {"id":776,"pedido_externo":"26081382RV2P2Y"} 
[2026-08-17 22:17:20] local.INFO: ENTROU NO GET SHOPEE {"path":"/api/v2/order/get_order_detail","query":{"order_sn_list":"26081381ASNM90","response_optional_fields":"buyer_user_id,buyer_username,recipient_address,item_list,payment_info,shipping_carrier"}} 
[2026-08-17 22:17:22] local.INFO: [ShopeeOrderService] Iniciando gravação do pedido no banco {"order_sn":"26081381ASNM90"} 
[2026-08-17 22:17:22] local.INFO: [ShopeeOrderService] Pedido salvo/atualizado na tabela "pedidos" {"id":777,"pedido_externo":"26081381ASNM90"} 
[2026-08-17 22:17:22] local.INFO: ENTROU NO GET SHOPEE {"path":"/api/v2/order/get_order_detail","query":{"order_sn_list":"260813807JGAXD","response_optional_fields":"buyer_user_id,buyer_username,recipient_address,item_list,payment_info,shipping_carrier"}} 
[2026-08-17 22:17:24] local.INFO: [ShopeeOrderService] Iniciando gravação do pedido no banco {"order_sn":"260813807JGAXD"} 
[2026-08-17 22:17:24] local.INFO: [ShopeeOrderService] Pedido salvo/atualizado na tabela "pedidos" {"id":778,"pedido_externo":"260813807JGAXD"} 
[2026-08-17 22:17:24] local.INFO: ENTROU NO GET SHOPEE {"path":"/api/v2/order/get_order_detail","query":{"order_sn_list":"26081274CATJW9","response_optional_fields":"buyer_user_id,buyer_username,recipient_address,item_list,payment_info,shipping_carrier"}} 
[2026-08-17 22:17:25] local.INFO: [ShopeeOrderService] Iniciando gravação do pedido no banco {"order_sn":"26081274CATJW9"} 
[2026-08-17 22:17:25] local.INFO: [ShopeeOrderService] Pedido salvo/atualizado na tabela "pedidos" {"id":779,"pedido_externo":"26081274CATJW9"} 
[2026-08-17 22:17:25] local.INFO: ENTROU NO GET SHOPEE {"path":"/api/v2/order/get_order_detail","query":{"order_sn_list":"2608126VX170UD","response_optional_fields":"buyer_user_id,buyer_username,recipient_address,item_list,payment_info,shipping_carrier"}} 
[2026-08-17 22:17:27] local.INFO: [ShopeeOrderService] Iniciando gravação do pedido no banco {"order_sn":"2608126VX170UD"} 
[2026-08-17 22:17:27] local.INFO: [ShopeeOrderService] Pedido salvo/atualizado na tabela "pedidos" {"id":780,"pedido_externo":"2608126VX170UD"} 
[2026-08-17 22:17:27] local.INFO: ENTROU NO GET SHOPEE {"path":"/api/v2/order/get_order_detail","query":{"order_sn_list":"2608125GMV3PJD","response_optional_fields":"buyer_user_id,buyer_username,recipient_address,item_list,payment_info,shipping_carrier"}} 
[2026-08-17 22:17:28] local.INFO: [ShopeeOrderService] Iniciando gravação do pedido no banco {"order_sn":"2608125GMV3PJD"} 
[2026-08-17 22:17:29] local.INFO: [ShopeeOrderService] Pedido salvo/atualizado na tabela "pedidos" {"id":781,"pedido_externo":"2608125GMV3PJD"} 
[2026-08-17 22:17:29] local.INFO: ENTROU NO GET SHOPEE {"path":"/api/v2/order/get_order_detail","query":{"order_sn_list":"2608125G7TF0MF","response_optional_fields":"buyer_user_id,buyer_username,recipient_address,item_list,payment_info,shipping_carrier"}} 
[2026-08-17 22:17:30] local.INFO: [ShopeeOrderService] Iniciando gravação do pedido no banco {"order_sn":"2608125G7TF0MF"} 
[2026-08-17 22:17:30] local.INFO: [ShopeeOrderService] Pedido salvo/atualizado na tabela "pedidos" {"id":782,"pedido_externo":"2608125G7TF0MF"} 
[2026-08-17 22:17:31] local.INFO: ENTROU NO GET SHOPEE {"path":"/api/v2/order/get_order_detail","query":{"order_sn_list":"2608125FK2P7DR","response_optional_fields":"buyer_user_id,buyer_username,recipient_address,item_list,payment_info,shipping_carrier"}} 
[2026-08-17 22:17:32] local.INFO: [ShopeeOrderService] Iniciando gravação do pedido no banco {"order_sn":"2608125FK2P7DR"} 
[2026-08-17 22:17:32] local.INFO: [ShopeeOrderService] Pedido salvo/atualizado na tabela "pedidos" {"id":783,"pedido_externo":"2608125FK2P7DR"} 
[2026-08-17 22:17:32] local.INFO: ENTROU NO GET SHOPEE {"path":"/api/v2/order/get_order_detail","query":{"order_sn_list":"2608125F08VJ33","response_optional_fields":"buyer_user_id,buyer_username,recipient_address,item_list,payment_info,shipping_carrier"}} 
[2026-08-17 22:17:34] local.INFO: [ShopeeOrderService] Iniciando gravação do pedido no banco {"order_sn":"2608125F08VJ33"} 
[2026-08-17 22:17:34] local.INFO: [ShopeeOrderService] Pedido salvo/atualizado na tabela "pedidos" {"id":784,"pedido_externo":"2608125F08VJ33"} 
[2026-08-17 22:17:34] local.INFO: ENTROU NO GET SHOPEE {"path":"/api/v2/order/get_order_detail","query":{"order_sn_list":"2608125EEN7UC6","response_optional_fields":"buyer_user_id,buyer_username,recipient_address,item_list,payment_info,shipping_carrier"}} 
[2026-08-17 22:17:35] local.INFO: [ShopeeOrderService] Iniciando gravação do pedido no banco {"order_sn":"2608125EEN7UC6"} 
[2026-08-17 22:17:36] local.INFO: [ShopeeOrderService] Pedido salvo/atualizado na tabela "pedidos" {"id":785,"pedido_externo":"2608125EEN7UC6"} 
[2026-08-17 22:17:36] local.INFO: ENTROU NO GET SHOPEE {"path":"/api/v2/order/get_order_detail","query":{"order_sn_list":"2608125D4HQ9W2","response_optional_fields":"buyer_user_id,buyer_username,recipient_address,item_list,payment_info,shipping_carrier"}} 
[2026-08-17 22:17:37] local.INFO: [ShopeeOrderService] Iniciando gravação do pedido no banco {"order_sn":"2608125D4HQ9W2"} 
[2026-08-17 22:17:37] local.INFO: [ShopeeOrderService] Pedido salvo/atualizado na tabela "pedidos" {"id":786,"pedido_externo":"2608125D4HQ9W2"} 
[2026-08-17 22:17:37] local.INFO: ENTROU NO GET SHOPEE {"path":"/api/v2/order/get_order_detail","query":{"order_sn_list":"26081259MD1RNQ","response_optional_fields":"buyer_user_id,buyer_username,recipient_address,item_list,payment_info,shipping_carrier"}} 
[2026-08-17 22:17:39] local.INFO: [ShopeeOrderService] Iniciando gravação do pedido no banco {"order_sn":"26081259MD1RNQ"} 
[2026-08-17 22:17:39] local.INFO: [ShopeeOrderService] Pedido salvo/atualizado na tabela "pedidos" {"id":787,"pedido_externo":"26081259MD1RNQ"} 
[2026-08-17 22:17:39] local.INFO: ENTROU NO GET SHOPEE {"path":"/api/v2/order/get_order_detail","query":{"order_sn_list":"26081258B8X8B6","response_optional_fields":"buyer_user_id,buyer_username,recipient_address,item_list,payment_info,shipping_carrier"}} 
[2026-08-17 22:17:41] local.INFO: [ShopeeOrderService] Iniciando gravação do pedido no banco {"order_sn":"26081258B8X8B6"} 
[2026-08-17 22:17:41] local.INFO: [ShopeeOrderService] Pedido salvo/atualizado na tabela "pedidos" {"id":788,"pedido_externo":"26081258B8X8B6"} 
[2026-08-17 22:17:41] local.INFO: ENTROU NO GET SHOPEE {"path":"/api/v2/order/get_order_detail","query":{"order_sn_list":"260812567BKETS","response_optional_fields":"buyer_user_id,buyer_username,recipient_address,item_list,payment_info,shipping_carrier"}} 
[2026-08-17 22:17:42] local.INFO: [ShopeeOrderService] Iniciando gravação do pedido no banco {"order_sn":"260812567BKETS"} 
[2026-08-17 22:17:42] local.INFO: [ShopeeOrderService] Pedido salvo/atualizado na tabela "pedidos" {"id":789,"pedido_externo":"260812567BKETS"} 
[2026-08-17 22:17:43] local.INFO: ENTROU NO GET SHOPEE {"path":"/api/v2/order/get_order_detail","query":{"order_sn_list":"26081254KE8FC5","response_optional_fields":"buyer_user_id,buyer_username,recipient_address,item_list,payment_info,shipping_carrier"}} 
[2026-08-17 22:17:44] local.INFO: [ShopeeOrderService] Iniciando gravação do pedido no banco {"order_sn":"26081254KE8FC5"} 
[2026-08-17 22:17:44] local.INFO: [ShopeeOrderService] Pedido salvo/atualizado na tabela "pedidos" {"id":790,"pedido_externo":"26081254KE8FC5"} 
[2026-08-17 22:17:44] local.INFO: ENTROU NO GET SHOPEE {"path":"/api/v2/order/get_order_detail","query":{"order_sn_list":"260812548ECB62","response_optional_fields":"buyer_user_id,buyer_username,recipient_address,item_list,payment_info,shipping_carrier"}} 
[2026-08-17 22:17:45] local.INFO: [ShopeeOrderService] Iniciando gravação do pedido no banco {"order_sn":"260812548ECB62"} 
[2026-08-17 22:17:46] local.INFO: [ShopeeOrderService] Pedido salvo/atualizado na tabela "pedidos" {"id":791,"pedido_externo":"260812548ECB62"} 
[2026-08-17 22:17:46] local.INFO: ENTROU NO GET SHOPEE {"path":"/api/v2/order/get_order_detail","query":{"order_sn_list":"26081142SF31UJ","response_optional_fields":"buyer_user_id,buyer_username,recipient_address,item_list,payment_info,shipping_carrier"}} 
[2026-08-17 22:17:47] local.INFO: [ShopeeOrderService] Iniciando gravação do pedido no banco {"order_sn":"26081142SF31UJ"} 
[2026-08-17 22:17:47] local.INFO: [ShopeeOrderService] Pedido salvo/atualizado na tabela "pedidos" {"id":792,"pedido_externo":"26081142SF31UJ"} 
[2026-08-17 22:17:47] local.INFO: ENTROU NO GET SHOPEE {"path":"/api/v2/order/get_order_detail","query":{"order_sn_list":"2608113HJS2NR2","response_optional_fields":"buyer_user_id,buyer_username,recipient_address,item_list,payment_info,shipping_carrier"}} 
[2026-08-17 22:17:49] local.INFO: [ShopeeOrderService] Iniciando gravação do pedido no banco {"order_sn":"2608113HJS2NR2"} 
[2026-08-17 22:17:49] local.INFO: [ShopeeOrderService] Pedido salvo/atualizado na tabela "pedidos" {"id":793,"pedido_externo":"2608113HJS2NR2"} 
[2026-08-17 22:17:49] local.INFO: ENTROU NO GET SHOPEE {"path":"/api/v2/order/get_order_detail","query":{"order_sn_list":"2608113AN6H5TE","response_optional_fields":"buyer_user_id,buyer_username,recipient_address,item_list,payment_info,shipping_carrier"}} 
[2026-08-17 22:17:51] local.INFO: [ShopeeOrderService] Iniciando gravação do pedido no banco {"order_sn":"2608113AN6H5TE"} 
[2026-08-17 22:17:51] local.INFO: [ShopeeOrderService] Pedido salvo/atualizado na tabela "pedidos" {"id":746,"pedido_externo":"2608113AN6H5TE"} 
[2026-08-17 22:17:51] local.INFO: ENTROU NO GET SHOPEE {"path":"/api/v2/order/get_order_detail","query":{"order_sn_list":"26081132NFYPSU","response_optional_fields":"buyer_user_id,buyer_username,recipient_address,item_list,payment_info,shipping_carrier"}} 
[2026-08-17 22:17:52] local.INFO: [ShopeeOrderService] Iniciando gravação do pedido no banco {"order_sn":"26081132NFYPSU"} 
[2026-08-17 22:17:52] local.INFO: [ShopeeOrderService] Pedido salvo/atualizado na tabela "pedidos" {"id":747,"pedido_externo":"26081132NFYPSU"} 
[2026-08-17 22:17:52] local.INFO: ENTROU NO GET SHOPEE {"path":"/api/v2/order/get_order_detail","query":{"order_sn_list":"2608112V8A0TS1","response_optional_fields":"buyer_user_id,buyer_username,recipient_address,item_list,payment_info,shipping_carrier"}} 
[2026-08-17 22:17:54] local.INFO: [ShopeeOrderService] Iniciando gravação do pedido no banco {"order_sn":"2608112V8A0TS1"} 
[2026-08-17 22:17:54] local.INFO: [ShopeeOrderService] Pedido salvo/atualizado na tabela "pedidos" {"id":748,"pedido_externo":"2608112V8A0TS1"} 
[2026-08-17 22:17:54] local.INFO: ENTROU NO GET SHOPEE {"path":"/api/v2/order/get_order_detail","query":{"order_sn_list":"2608112M9PRF9U","response_optional_fields":"buyer_user_id,buyer_username,recipient_address,item_list,payment_info,shipping_carrier"}} 
[2026-08-17 22:17:55] local.INFO: [ShopeeOrderService] Iniciando gravação do pedido no banco {"order_sn":"2608112M9PRF9U"} 
[2026-08-17 22:17:55] local.INFO: [ShopeeOrderService] Pedido salvo/atualizado na tabela "pedidos" {"id":749,"pedido_externo":"2608112M9PRF9U"} 
[2026-08-17 22:17:56] local.INFO: ENTROU NO GET SHOPEE {"path":"/api/v2/order/get_order_detail","query":{"order_sn_list":"2608112E66NKFG","response_optional_fields":"buyer_user_id,buyer_username,recipient_address,item_list,payment_info,shipping_carrier"}} 
[2026-08-17 22:17:57] local.INFO: [ShopeeOrderService] Iniciando gravação do pedido no banco {"order_sn":"2608112E66NKFG"} 
[2026-08-17 22:17:58] local.INFO: [ShopeeOrderService] Pedido salvo/atualizado na tabela "pedidos" {"id":750,"pedido_externo":"2608112E66NKFG"} 
[2026-08-17 22:17:58] local.INFO: ENTROU NO GET SHOPEE {"path":"/api/v2/order/get_order_detail","query":{"order_sn_list":"2608112E5X0F8G","response_optional_fields":"buyer_user_id,buyer_username,recipient_address,item_list,payment_info,shipping_carrier"}} 
[2026-08-17 22:17:59] local.INFO: [ShopeeOrderService] Iniciando gravação do pedido no banco {"order_sn":"2608112E5X0F8G"} 
[2026-08-17 22:17:59] local.INFO: [ShopeeOrderService] Pedido salvo/atualizado na tabela "pedidos" {"id":751,"pedido_externo":"2608112E5X0F8G"} 
[2026-08-17 22:17:59] local.INFO: ENTROU NO GET SHOPEE {"path":"/api/v2/order/get_order_detail","query":{"order_sn_list":"2608112CDU8MXM","response_optional_fields":"buyer_user_id,buyer_username,recipient_address,item_list,payment_info,shipping_carrier"}} 
[2026-08-17 22:18:01] local.INFO: [ShopeeOrderService] Iniciando gravação do pedido no banco {"order_sn":"2608112CDU8MXM"} 
[2026-08-17 22:18:01] local.INFO: [ShopeeOrderService] Pedido salvo/atualizado na tabela "pedidos" {"id":752,"pedido_externo":"2608112CDU8MXM"} 
[2026-08-17 22:18:01] local.INFO: ENTROU NO GET SHOPEE {"path":"/api/v2/order/get_order_detail","query":{"order_sn_list":"26081128CQXRR2","response_optional_fields":"buyer_user_id,buyer_username,recipient_address,item_list,payment_info,shipping_carrier"}} 
[2026-08-17 22:18:02] local.INFO: [ShopeeOrderService] Iniciando gravação do pedido no banco {"order_sn":"26081128CQXRR2"} 
[2026-08-17 22:18:02] local.INFO: [ShopeeOrderService] Pedido salvo/atualizado na tabela "pedidos" {"id":753,"pedido_externo":"26081128CQXRR2"} 
[2026-08-17 22:18:02] local.INFO: ENTROU NO GET SHOPEE {"path":"/api/v2/order/get_order_detail","query":{"order_sn_list":"26081024D933D7","response_optional_fields":"buyer_user_id,buyer_username,recipient_address,item_list,payment_info,shipping_carrier"}} 
[2026-08-17 22:18:04] local.INFO: [ShopeeOrderService] Iniciando gravação do pedido no banco {"order_sn":"26081024D933D7"} 
[2026-08-17 22:18:04] local.INFO: [ShopeeOrderService] Pedido salvo/atualizado na tabela "pedidos" {"id":754,"pedido_externo":"26081024D933D7"} 
[2026-08-17 22:18:04] local.INFO: ENTROU NO GET SHOPEE {"path":"/api/v2/order/get_order_detail","query":{"order_sn_list":"26081023QY77XT","response_optional_fields":"buyer_user_id,buyer_username,recipient_address,item_list,payment_info,shipping_carrier"}} 
[2026-08-17 22:18:06] local.INFO: [ShopeeOrderService] Iniciando gravação do pedido no banco {"order_sn":"26081023QY77XT"} 
[2026-08-17 22:18:06] local.INFO: [ShopeeOrderService] Pedido salvo/atualizado na tabela "pedidos" {"id":755,"pedido_externo":"26081023QY77XT"} 
[2026-08-17 22:18:06] local.INFO: ENTROU NO GET SHOPEE {"path":"/api/v2/order/get_order_detail","query":{"order_sn_list":"26081022UM6XD7","response_optional_fields":"buyer_user_id,buyer_username,recipient_address,item_list,payment_info,shipping_carrier"}} 
[2026-08-17 22:18:07] local.INFO: [ShopeeOrderService] Iniciando gravação do pedido no banco {"order_sn":"26081022UM6XD7"} 
[2026-08-17 22:18:07] local.INFO: [ShopeeOrderService] Pedido salvo/atualizado na tabela "pedidos" {"id":756,"pedido_externo":"26081022UM6XD7"} 
[2026-08-17 22:18:08] local.INFO: ENTROU NO GET SHOPEE {"path":"/api/v2/order/get_order_detail","query":{"order_sn_list":"26081022SUY4A5","response_optional_fields":"buyer_user_id,buyer_username,recipient_address,item_list,payment_info,shipping_carrier"}} 
[2026-08-17 22:18:09] local.INFO: [ShopeeOrderService] Iniciando gravação do pedido no banco {"order_sn":"26081022SUY4A5"} 
[2026-08-17 22:18:09] local.INFO: [ShopeeOrderService] Pedido salvo/atualizado na tabela "pedidos" {"id":757,"pedido_externo":"26081022SUY4A5"} 
[2026-08-17 22:18:10] local.INFO: ENTROU NO GET SHOPEE {"path":"/api/v2/order/get_order_detail","query":{"order_sn_list":"26081022NKKV8D","response_optional_fields":"buyer_user_id,buyer_username,recipient_address,item_list,payment_info,shipping_carrier"}} 
[2026-08-17 22:18:11] local.INFO: [ShopeeOrderService] Iniciando gravação do pedido no banco {"order_sn":"26081022NKKV8D"} 
[2026-08-17 22:18:11] local.INFO: [ShopeeOrderService] Pedido salvo/atualizado na tabela "pedidos" {"id":758,"pedido_externo":"26081022NKKV8D"} 
[2026-08-17 22:18:11] local.INFO: ENTROU NO GET SHOPEE {"path":"/api/v2/order/get_order_detail","query":{"order_sn_list":"26081022NFSW6T","response_optional_fields":"buyer_user_id,buyer_username,recipient_address,item_list,payment_info,shipping_carrier"}} 
[2026-08-17 22:18:12] local.INFO: [ShopeeOrderService] Iniciando gravação do pedido no banco {"order_sn":"26081022NFSW6T"} 
[2026-08-17 22:18:12] local.INFO: [ShopeeOrderService] Pedido salvo/atualizado na tabela "pedidos" {"id":759,"pedido_externo":"26081022NFSW6T"} 
[2026-08-17 22:18:13] local.INFO: ENTROU NO GET SHOPEE {"path":"/api/v2/order/get_order_detail","query":{"order_sn_list":"260810203CCMRH","response_optional_fields":"buyer_user_id,buyer_username,recipient_address,item_list,payment_info,shipping_carrier"}} 
[2026-08-17 22:18:14] local.INFO: [ShopeeOrderService] Iniciando gravação do pedido no banco {"order_sn":"260810203CCMRH"} 
[2026-08-17 22:18:14] local.INFO: [ShopeeOrderService] Pedido salvo/atualizado na tabela "pedidos" {"id":760,"pedido_externo":"260810203CCMRH"} 
[2026-08-17 22:18:14] local.INFO: ENTROU NO GET SHOPEE {"path":"/api/v2/order/get_order_detail","query":{"order_sn_list":"2608101UAD6BDP","response_optional_fields":"buyer_user_id,buyer_username,recipient_address,item_list,payment_info,shipping_carrier"}} 
[2026-08-17 22:18:16] local.INFO: [ShopeeOrderService] Iniciando gravação do pedido no banco {"order_sn":"2608101UAD6BDP"} 
[2026-08-17 22:18:16] local.INFO: [ShopeeOrderService] Pedido salvo/atualizado na tabela "pedidos" {"id":761,"pedido_externo":"2608101UAD6BDP"} 
[2026-08-17 22:18:16] local.INFO: ENTROU NO GET SHOPEE {"path":"/api/v2/order/get_order_detail","query":{"order_sn_list":"2608101SU7HRM8","response_optional_fields":"buyer_user_id,buyer_username,recipient_address,item_list,payment_info,shipping_carrier"}} 
[2026-08-17 22:18:17] local.INFO: [ShopeeOrderService] Iniciando gravação do pedido no banco {"order_sn":"2608101SU7HRM8"} 
[2026-08-17 22:18:17] local.INFO: [ShopeeOrderService] Pedido salvo/atualizado na tabela "pedidos" {"id":762,"pedido_externo":"2608101SU7HRM8"} 
[2026-08-17 22:18:18] local.INFO: ENTROU NO GET SHOPEE {"path":"/api/v2/order/get_order_detail","query":{"order_sn_list":"26081014A0UQ89","response_optional_fields":"buyer_user_id,buyer_username,recipient_address,item_list,payment_info,shipping_carrier"}} 
[2026-08-17 22:18:19] local.INFO: [ShopeeOrderService] Iniciando gravação do pedido no banco {"order_sn":"26081014A0UQ89"} 
[2026-08-17 22:18:19] local.INFO: [ShopeeOrderService] Pedido salvo/atualizado na tabela "pedidos" {"id":684,"pedido_externo":"26081014A0UQ89"} 
[2026-08-17 22:18:19] local.INFO: ENTROU NO GET SHOPEE {"path":"/api/v2/order/get_order_detail","query":{"order_sn_list":"26081011277H3J","response_optional_fields":"buyer_user_id,buyer_username,recipient_address,item_list,payment_info,shipping_carrier"}} 
[2026-08-17 22:18:21] local.INFO: [ShopeeOrderService] Iniciando gravação do pedido no banco {"order_sn":"26081011277H3J"} 
[2026-08-17 22:18:21] local.INFO: [ShopeeOrderService] Pedido salvo/atualizado na tabela "pedidos" {"id":685,"pedido_externo":"26081011277H3J"} 
[2026-08-17 22:18:21] local.INFO: ENTROU NO GET SHOPEE {"path":"/api/v2/order/get_order_detail","query":{"order_sn_list":"2608100WBKM7BK","response_optional_fields":"buyer_user_id,buyer_username,recipient_address,item_list,payment_info,shipping_carrier"}} 
[2026-08-17 22:18:23] local.INFO: [ShopeeOrderService] Iniciando gravação do pedido no banco {"order_sn":"2608100WBKM7BK"} 
[2026-08-17 22:18:23] local.INFO: [ShopeeOrderService] Pedido salvo/atualizado na tabela "pedidos" {"id":686,"pedido_externo":"2608100WBKM7BK"} 
[2026-08-17 22:18:23] local.INFO: ENTROU NO GET SHOPEE {"path":"/api/v2/order/get_order_detail","query":{"order_sn_list":"2608100VK3P5XG","response_optional_fields":"buyer_user_id,buyer_username,recipient_address,item_list,payment_info,shipping_carrier"}} 
[2026-08-17 22:18:24] local.INFO: [ShopeeOrderService] Iniciando gravação do pedido no banco {"order_sn":"2608100VK3P5XG"} 
[2026-08-17 22:18:24] local.INFO: [ShopeeOrderService] Pedido salvo/atualizado na tabela "pedidos" {"id":687,"pedido_externo":"2608100VK3P5XG"} 
[2026-08-18 20:34:44] local.INFO: Shopee - refresh token {"status":200,"response":{"partner_id":2039071,"refresh_token":"eyJhbGciOiJIUzI1NiJ9.CJ-6fBABGKi9_u0GIAIolNiT1AYwxMrqowo4AUABSAk.s5Rn9OHY0BANyGLrk-LshWhFjTFRVdSki-DO70_7__c","access_token":"eyJhbGciOiJIUzI1NiJ9.CJ-6fBABGKi9_u0GIAEolNiT1AYw9PDJ6wE4AUABSAk.lKS30OLQRRQZH0mnRczoLXDbLRMdw2U5O8Xy7jHCMvU","expire_in":14400,"request_id":"e3e3e7f3595abb481bca062624243300","error":"","message":"","shop_id":1841274536}} 
[2026-08-18 20:35:30] local.INFO: ENTROU NO GET SHOPEE {"path":"/api/v2/order/get_order_list","query":{"time_range_field":"create_time","time_from":1786330800,"time_to":1787108399,"page_size":100,"cursor":"","response_optional_fields":"order_status"}} 
[2026-08-18 20:35:32] local.INFO: ENTROU NO GET SHOPEE {"path":"/api/v2/order/get_order_list","query":{"time_range_field":"create_time","time_from":1786330800,"time_to":1787108399,"page_size":100,"cursor":"100","response_optional_fields":"order_status"}} 
[2026-08-18 20:35:42] local.INFO: ENTROU NO GET SHOPEE {"path":"/api/v2/order/get_order_detail","query":{"order_sn_list":"260819PK6S74G3","response_optional_fields":"buyer_user_id,buyer_username,recipient_address,item_list,payment_info,shipping_carrier"}} 
[2026-08-18 20:35:43] local.INFO: [ShopeeOrderService] Iniciando gravação do pedido no banco {"order_sn":"260819PK6S74G3"} 
[2026-08-18 20:35:43] local.INFO: [ShopeeOrderService] Pedido salvo/atualizado na tabela "pedidos" {"id":840,"pedido_externo":"260819PK6S74G3"} 
[2026-08-18 20:35:43] local.INFO: ENTROU NO GET SHOPEE {"path":"/api/v2/order/get_order_detail","query":{"order_sn_list":"260819PK21JQEM","response_optional_fields":"buyer_user_id,buyer_username,recipient_address,item_list,payment_info,shipping_carrier"}} 
[2026-08-18 20:35:45] local.INFO: [ShopeeOrderService] Iniciando gravação do pedido no banco {"order_sn":"260819PK21JQEM"} 
[2026-08-18 20:35:45] local.INFO: [ShopeeOrderService] Pedido salvo/atualizado na tabela "pedidos" {"id":841,"pedido_externo":"260819PK21JQEM"} 
[2026-08-18 20:35:45] local.INFO: ENTROU NO GET SHOPEE {"path":"/api/v2/order/get_order_detail","query":{"order_sn_list":"260819PJ6K8MEJ","response_optional_fields":"buyer_user_id,buyer_username,recipient_address,item_list,payment_info,shipping_carrier"}} 
[2026-08-18 20:35:46] local.INFO: [ShopeeOrderService] Iniciando gravação do pedido no banco {"order_sn":"260819PJ6K8MEJ"} 
[2026-08-18 20:35:46] local.INFO: [ShopeeOrderService] Pedido salvo/atualizado na tabela "pedidos" {"id":842,"pedido_externo":"260819PJ6K8MEJ"} 
[2026-08-18 20:35:47] local.INFO: ENTROU NO GET SHOPEE {"path":"/api/v2/order/get_order_detail","query":{"order_sn_list":"260819PFGYD0TW","response_optional_fields":"buyer_user_id,buyer_username,recipient_address,item_list,payment_info,shipping_carrier"}} 
[2026-08-18 20:35:48] local.INFO: [ShopeeOrderService] Iniciando gravação do pedido no banco {"order_sn":"260819PFGYD0TW"} 
[2026-08-18 20:35:48] local.INFO: [ShopeeOrderService] Pedido salvo/atualizado na tabela "pedidos" {"id":843,"pedido_externo":"260819PFGYD0TW"} 
[2026-08-18 20:35:48] local.INFO: ENTROU NO GET SHOPEE {"path":"/api/v2/order/get_order_detail","query":{"order_sn_list":"260819PDNHRHFM","response_optional_fields":"buyer_user_id,buyer_username,recipient_address,item_list,payment_info,shipping_carrier"}} 
[2026-08-18 20:35:49] local.INFO: [ShopeeOrderService] Iniciando gravação do pedido no banco {"order_sn":"260819PDNHRHFM"} 
[2026-08-18 20:35:49] local.INFO: [ShopeeOrderService] Pedido salvo/atualizado na tabela "pedidos" {"id":844,"pedido_externo":"260819PDNHRHFM"} 
[2026-08-18 20:35:50] local.INFO: ENTROU NO GET SHOPEE {"path":"/api/v2/order/get_order_detail","query":{"order_sn_list":"260818P7XG8RDX","response_optional_fields":"buyer_user_id,buyer_username,recipient_address,item_list,payment_info,shipping_carrier"}} 
[2026-08-18 20:35:51] local.INFO: [ShopeeOrderService] Iniciando gravação do pedido no banco {"order_sn":"260818P7XG8RDX"} 
[2026-08-18 20:35:51] local.INFO: [ShopeeOrderService] Pedido salvo/atualizado na tabela "pedidos" {"id":845,"pedido_externo":"260818P7XG8RDX"} 
[2026-08-18 20:35:51] local.INFO: ENTROU NO GET SHOPEE {"path":"/api/v2/order/get_order_detail","query":{"order_sn_list":"260818NV9THNAT","response_optional_fields":"buyer_user_id,buyer_username,recipient_address,item_list,payment_info,shipping_carrier"}} 
[2026-08-18 20:35:52] local.INFO: [ShopeeOrderService] Iniciando gravação do pedido no banco {"order_sn":"260818NV9THNAT"} 
[2026-08-18 20:35:53] local.INFO: [ShopeeOrderService] Pedido salvo/atualizado na tabela "pedidos" {"id":846,"pedido_externo":"260818NV9THNAT"} 
[2026-08-18 20:35:53] local.INFO: ENTROU NO GET SHOPEE {"path":"/api/v2/order/get_order_detail","query":{"order_sn_list":"260818MXWXJRCF","response_optional_fields":"buyer_user_id,buyer_username,recipient_address,item_list,payment_info,shipping_carrier"}} 
[2026-08-18 20:35:54] local.INFO: [ShopeeOrderService] Iniciando gravação do pedido no banco {"order_sn":"260818MXWXJRCF"} 
[2026-08-18 20:35:54] local.INFO: [ShopeeOrderService] Pedido salvo/atualizado na tabela "pedidos" {"id":847,"pedido_externo":"260818MXWXJRCF"} 
[2026-08-18 20:35:54] local.INFO: ENTROU NO GET SHOPEE {"path":"/api/v2/order/get_order_detail","query":{"order_sn_list":"260818MTKY0FRN","response_optional_fields":"buyer_user_id,buyer_username,recipient_address,item_list,payment_info,shipping_carrier"}} 
[2026-08-18 20:35:56] local.INFO: [ShopeeOrderService] Iniciando gravação do pedido no banco {"order_sn":"260818MTKY0FRN"} 
[2026-08-18 20:35:56] local.INFO: [ShopeeOrderService] Pedido salvo/atualizado na tabela "pedidos" {"id":848,"pedido_externo":"260818MTKY0FRN"} 
[2026-08-18 20:35:56] local.INFO: ENTROU NO GET SHOPEE {"path":"/api/v2/order/get_order_detail","query":{"order_sn_list":"260818MQKAAM4Q","response_optional_fields":"buyer_user_id,buyer_username,recipient_address,item_list,payment_info,shipping_carrier"}} 
[2026-08-18 20:35:57] local.INFO: [ShopeeOrderService] Iniciando gravação do pedido no banco {"order_sn":"260818MQKAAM4Q"} 
[2026-08-18 20:35:57] local.INFO: [ShopeeOrderService] Pedido salvo/atualizado na tabela "pedidos" {"id":831,"pedido_externo":"260818MQKAAM4Q"} 
[2026-08-18 20:35:57] local.INFO: ENTROU NO GET SHOPEE {"path":"/api/v2/order/get_order_detail","query":{"order_sn_list":"260818MQENHSAE","response_optional_fields":"buyer_user_id,buyer_username,recipient_address,item_list,payment_info,shipping_carrier"}} 
[2026-08-18 20:35:59] local.INFO: [ShopeeOrderService] Iniciando gravação do pedido no banco {"order_sn":"260818MQENHSAE"} 
[2026-08-18 20:35:59] local.INFO: [ShopeeOrderService] Pedido salvo/atualizado na tabela "pedidos" {"id":832,"pedido_externo":"260818MQENHSAE"} 
[2026-08-18 20:35:59] local.INFO: ENTROU NO GET SHOPEE {"path":"/api/v2/order/get_order_detail","query":{"order_sn_list":"260818MNYFTTG7","response_optional_fields":"buyer_user_id,buyer_username,recipient_address,item_list,payment_info,shipping_carrier"}} 
[2026-08-18 20:36:00] local.INFO: [ShopeeOrderService] Iniciando gravação do pedido no banco {"order_sn":"260818MNYFTTG7"} 
[2026-08-18 20:36:00] local.INFO: [ShopeeOrderService] Pedido salvo/atualizado na tabela "pedidos" {"id":833,"pedido_externo":"260818MNYFTTG7"} 
[2026-08-18 20:36:00] local.INFO: ENTROU NO GET SHOPEE {"path":"/api/v2/order/get_order_detail","query":{"order_sn_list":"260818MNUVFA2J","response_optional_fields":"buyer_user_id,buyer_username,recipient_address,item_list,payment_info,shipping_carrier"}} 
[2026-08-18 20:36:02] local.INFO: [ShopeeOrderService] Iniciando gravação do pedido no banco {"order_sn":"260818MNUVFA2J"} 
[2026-08-18 20:36:02] local.INFO: [ShopeeOrderService] Pedido salvo/atualizado na tabela "pedidos" {"id":834,"pedido_externo":"260818MNUVFA2J"} 
[2026-08-18 20:36:02] local.INFO: ENTROU NO GET SHOPEE {"path":"/api/v2/order/get_order_detail","query":{"order_sn_list":"260818MMJQD09S","response_optional_fields":"buyer_user_id,buyer_username,recipient_address,item_list,payment_info,shipping_carrier"}} 
[2026-08-18 20:36:03] local.INFO: [ShopeeOrderService] Iniciando gravação do pedido no banco {"order_sn":"260818MMJQD09S"} 
[2026-08-18 20:36:03] local.INFO: [ShopeeOrderService] Pedido salvo/atualizado na tabela "pedidos" {"id":835,"pedido_externo":"260818MMJQD09S"} 
[2026-08-18 20:36:03] local.INFO: ENTROU NO GET SHOPEE {"path":"/api/v2/order/get_order_detail","query":{"order_sn_list":"260818MFK1N7HS","response_optional_fields":"buyer_user_id,buyer_username,recipient_address,item_list,payment_info,shipping_carrier"}} 
[2026-08-18 20:36:06] local.INFO: [ShopeeOrderService] Iniciando gravação do pedido no banco {"order_sn":"260818MFK1N7HS"} 
[2026-08-18 20:36:06] local.INFO: [ShopeeOrderService] Pedido salvo/atualizado na tabela "pedidos" {"id":836,"pedido_externo":"260818MFK1N7HS"} 
[2026-08-18 20:36:06] local.INFO: ENTROU NO GET SHOPEE {"path":"/api/v2/order/get_order_detail","query":{"order_sn_list":"260818MCS4CEB9","response_optional_fields":"buyer_user_id,buyer_username,recipient_address,item_list,payment_info,shipping_carrier"}} 
[2026-08-18 20:36:07] local.INFO: [ShopeeOrderService] Iniciando gravação do pedido no banco {"order_sn":"260818MCS4CEB9"} 
[2026-08-18 20:36:07] local.INFO: [ShopeeOrderService] Pedido salvo/atualizado na tabela "pedidos" {"id":837,"pedido_externo":"260818MCS4CEB9"} 
[2026-08-18 20:36:07] local.INFO: ENTROU NO GET SHOPEE {"path":"/api/v2/order/get_order_detail","query":{"order_sn_list":"260818M9EE8MJ6","response_optional_fields":"buyer_user_id,buyer_username,recipient_address,item_list,payment_info,shipping_carrier"}} 
[2026-08-18 20:36:09] local.INFO: [ShopeeOrderService] Iniciando gravação do pedido no banco {"order_sn":"260818M9EE8MJ6"} 
[2026-08-18 20:36:09] local.INFO: [ShopeeOrderService] Pedido salvo/atualizado na tabela "pedidos" {"id":838,"pedido_externo":"260818M9EE8MJ6"} 
[2026-08-18 20:36:09] local.INFO: ENTROU NO GET SHOPEE {"path":"/api/v2/order/get_order_detail","query":{"order_sn_list":"260818M13BC8WR","response_optional_fields":"buyer_user_id,buyer_username,recipient_address,item_list,payment_info,shipping_carrier"}} 
[2026-08-18 20:36:10] local.INFO: [ShopeeOrderService] Iniciando gravação do pedido no banco {"order_sn":"260818M13BC8WR"} 
[2026-08-18 20:36:10] local.INFO: [ShopeeOrderService] Pedido salvo/atualizado na tabela "pedidos" {"id":839,"pedido_externo":"260818M13BC8WR"} 
[2026-08-18 20:36:10] local.INFO: ENTROU NO GET SHOPEE {"path":"/api/v2/order/get_order_detail","query":{"order_sn_list":"260818KX9KVR9R","response_optional_fields":"buyer_user_id,buyer_username,recipient_address,item_list,payment_info,shipping_carrier"}} 
[2026-08-18 20:36:12] local.INFO: [ShopeeOrderService] Iniciando gravação do pedido no banco {"order_sn":"260818KX9KVR9R"} 
[2026-08-18 20:36:12] local.INFO: [ShopeeOrderService] Pedido salvo/atualizado na tabela "pedidos" {"id":799,"pedido_externo":"260818KX9KVR9R"} 
[2026-08-18 20:36:12] local.INFO: ENTROU NO GET SHOPEE {"path":"/api/v2/order/get_order_detail","query":{"order_sn_list":"260817KQSSYFKH","response_optional_fields":"buyer_user_id,buyer_username,recipient_address,item_list,payment_info,shipping_carrier"}} 
[2026-08-18 20:36:14] local.INFO: [ShopeeOrderService] Iniciando gravação do pedido no banco {"order_sn":"260817KQSSYFKH"} 
[2026-08-18 20:36:14] local.INFO: [ShopeeOrderService] Pedido salvo/atualizado na tabela "pedidos" {"id":800,"pedido_externo":"260817KQSSYFKH"} 
[2026-08-18 20:36:14] local.INFO: ENTROU NO GET SHOPEE {"path":"/api/v2/order/get_order_detail","query":{"order_sn_list":"260817K66MCNV2","response_optional_fields":"buyer_user_id,buyer_username,recipient_address,item_list,payment_info,shipping_carrier"}} 
[2026-08-18 20:36:15] local.INFO: [ShopeeOrderService] Iniciando gravação do pedido no banco {"order_sn":"260817K66MCNV2"} 
[2026-08-18 20:36:15] local.INFO: [ShopeeOrderService] Pedido salvo/atualizado na tabela "pedidos" {"id":801,"pedido_externo":"260817K66MCNV2"} 
[2026-08-18 20:36:16] local.INFO: ENTROU NO GET SHOPEE {"path":"/api/v2/order/get_order_detail","query":{"order_sn_list":"260817K2N5NTTN","response_optional_fields":"buyer_user_id,buyer_username,recipient_address,item_list,payment_info,shipping_carrier"}} 
[2026-08-18 20:36:18] local.INFO: [ShopeeOrderService] Iniciando gravação do pedido no banco {"order_sn":"260817K2N5NTTN"} 
[2026-08-18 20:36:18] local.INFO: [ShopeeOrderService] Pedido salvo/atualizado na tabela "pedidos" {"id":802,"pedido_externo":"260817K2N5NTTN"} 
[2026-08-18 20:36:18] local.INFO: ENTROU NO GET SHOPEE {"path":"/api/v2/order/get_order_detail","query":{"order_sn_list":"260817JGVBWHUF","response_optional_fields":"buyer_user_id,buyer_username,recipient_address,item_list,payment_info,shipping_carrier"}} 
[2026-08-18 20:36:20] local.INFO: [ShopeeOrderService] Iniciando gravação do pedido no banco {"order_sn":"260817JGVBWHUF"} 
[2026-08-18 20:36:20] local.INFO: [ShopeeOrderService] Pedido salvo/atualizado na tabela "pedidos" {"id":803,"pedido_externo":"260817JGVBWHUF"} 
[2026-08-18 20:36:20] local.INFO: ENTROU NO GET SHOPEE {"path":"/api/v2/order/get_order_detail","query":{"order_sn_list":"260817JA6VQ1YF","response_optional_fields":"buyer_user_id,buyer_username,recipient_address,item_list,payment_info,shipping_carrier"}} 
[2026-08-18 20:36:22] local.INFO: [ShopeeOrderService] Iniciando gravação do pedido no banco {"order_sn":"260817JA6VQ1YF"} 
[2026-08-18 20:36:22] local.INFO: [ShopeeOrderService] Pedido salvo/atualizado na tabela "pedidos" {"id":804,"pedido_externo":"260817JA6VQ1YF"} 
[2026-08-18 20:36:22] local.INFO: ENTROU NO GET SHOPEE {"path":"/api/v2/order/get_order_detail","query":{"order_sn_list":"260817J9QPCDQ5","response_optional_fields":"buyer_user_id,buyer_username,recipient_address,item_list,payment_info,shipping_carrier"}} 
[2026-08-18 20:36:23] local.INFO: [ShopeeOrderService] Iniciando gravação do pedido no banco {"order_sn":"260817J9QPCDQ5"} 
[2026-08-18 20:36:23] local.INFO: [ShopeeOrderService] Pedido salvo/atualizado na tabela "pedidos" {"id":805,"pedido_externo":"260817J9QPCDQ5"} 
[2026-08-18 20:36:24] local.INFO: ENTROU NO GET SHOPEE {"path":"/api/v2/order/get_order_detail","query":{"order_sn_list":"260817J5EXV0HC","response_optional_fields":"buyer_user_id,buyer_username,recipient_address,item_list,payment_info,shipping_carrier"}} 
[2026-08-18 20:36:25] local.INFO: [ShopeeOrderService] Iniciando gravação do pedido no banco {"order_sn":"260817J5EXV0HC"} 
[2026-08-18 20:36:25] local.INFO: [ShopeeOrderService] Pedido salvo/atualizado na tabela "pedidos" {"id":806,"pedido_externo":"260817J5EXV0HC"} 
[2026-08-18 20:36:25] local.INFO: ENTROU NO GET SHOPEE {"path":"/api/v2/order/get_order_detail","query":{"order_sn_list":"260817J037TFHG","response_optional_fields":"buyer_user_id,buyer_username,recipient_address,item_list,payment_info,shipping_carrier"}} 
[2026-08-18 20:36:28] local.INFO: [ShopeeOrderService] Iniciando gravação do pedido no banco {"order_sn":"260817J037TFHG"} 
[2026-08-18 20:36:28] local.INFO: [ShopeeOrderService] Pedido salvo/atualizado na tabela "pedidos" {"id":807,"pedido_externo":"260817J037TFHG"} 
[2026-08-18 20:36:28] local.INFO: ENTROU NO GET SHOPEE {"path":"/api/v2/order/get_order_detail","query":{"order_sn_list":"260817HGWJQC1M","response_optional_fields":"buyer_user_id,buyer_username,recipient_address,item_list,payment_info,shipping_carrier"}} 
[2026-08-18 20:36:30] local.INFO: [ShopeeOrderService] Iniciando gravação do pedido no banco {"order_sn":"260817HGWJQC1M"} 
[2026-08-18 20:36:30] local.INFO: [ShopeeOrderService] Pedido salvo/atualizado na tabela "pedidos" {"id":808,"pedido_externo":"260817HGWJQC1M"} 
[2026-08-18 20:36:30] local.INFO: ENTROU NO GET SHOPEE {"path":"/api/v2/order/get_order_detail","query":{"order_sn_list":"260816H92KVMYK","response_optional_fields":"buyer_user_id,buyer_username,recipient_address,item_list,payment_info,shipping_carrier"}} 
[2026-08-18 20:36:32] local.INFO: [ShopeeOrderService] Iniciando gravação do pedido no banco {"order_sn":"260816H92KVMYK"} 
[2026-08-18 20:36:32] local.INFO: [ShopeeOrderService] Pedido salvo/atualizado na tabela "pedidos" {"id":809,"pedido_externo":"260816H92KVMYK"} 
[2026-08-18 20:36:32] local.INFO: ENTROU NO GET SHOPEE {"path":"/api/v2/order/get_order_detail","query":{"order_sn_list":"260816H8DMEN64","response_optional_fields":"buyer_user_id,buyer_username,recipient_address,item_list,payment_info,shipping_carrier"}} 
[2026-08-18 20:36:34] local.INFO: [ShopeeOrderService] Iniciando gravação do pedido no banco {"order_sn":"260816H8DMEN64"} 
[2026-08-18 20:36:34] local.INFO: [ShopeeOrderService] Pedido salvo/atualizado na tabela "pedidos" {"id":810,"pedido_externo":"260816H8DMEN64"} 
[2026-08-18 20:36:34] local.INFO: ENTROU NO GET SHOPEE {"path":"/api/v2/order/get_order_detail","query":{"order_sn_list":"260816H5EQ0842","response_optional_fields":"buyer_user_id,buyer_username,recipient_address,item_list,payment_info,shipping_carrier"}} 
[2026-08-18 20:36:39] local.INFO: [ShopeeOrderService] Iniciando gravação do pedido no banco {"order_sn":"260816H5EQ0842"} 
[2026-08-18 20:36:39] local.INFO: [ShopeeOrderService] Pedido salvo/atualizado na tabela "pedidos" {"id":811,"pedido_externo":"260816H5EQ0842"} 
[2026-08-18 20:36:39] local.INFO: ENTROU NO GET SHOPEE {"path":"/api/v2/order/get_order_detail","query":{"order_sn_list":"260816GQF7J8UA","response_optional_fields":"buyer_user_id,buyer_username,recipient_address,item_list,payment_info,shipping_carrier"}} 
[2026-08-18 20:36:41] local.INFO: [ShopeeOrderService] Iniciando gravação do pedido no banco {"order_sn":"260816GQF7J8UA"} 
[2026-08-18 20:36:41] local.INFO: [ShopeeOrderService] Pedido salvo/atualizado na tabela "pedidos" {"id":812,"pedido_externo":"260816GQF7J8UA"} 
[2026-08-18 20:36:41] local.INFO: ENTROU NO GET SHOPEE {"path":"/api/v2/order/get_order_detail","query":{"order_sn_list":"260816GKAPJF22","response_optional_fields":"buyer_user_id,buyer_username,recipient_address,item_list,payment_info,shipping_carrier"}} 
[2026-08-18 20:36:42] local.INFO: [ShopeeOrderService] Iniciando gravação do pedido no banco {"order_sn":"260816GKAPJF22"} 
[2026-08-18 20:36:42] local.INFO: [ShopeeOrderService] Pedido salvo/atualizado na tabela "pedidos" {"id":813,"pedido_externo":"260816GKAPJF22"} 
[2026-08-18 20:36:43] local.INFO: ENTROU NO GET SHOPEE {"path":"/api/v2/order/get_order_detail","query":{"order_sn_list":"260816FU6PMFU6","response_optional_fields":"buyer_user_id,buyer_username,recipient_address,item_list,payment_info,shipping_carrier"}} 
[2026-08-18 20:36:43] local.INFO: [ShopeeAdsService] Consultando Ads por hora {"data":"2026-08-18"} 
[2026-08-18 20:36:43] local.INFO: ENTROU NO GET SHOPEE {"path":"/api/v2/ads/get_all_cpc_ads_hourly_performance","query":{"performance_date":"18-08-2026"}} 
[2026-08-18 20:36:44] local.INFO: [ShopeeOrderService] Iniciando gravação do pedido no banco {"order_sn":"260816FU6PMFU6"} 
[2026-08-18 20:36:44] local.INFO: [ShopeeOrderService] Pedido salvo/atualizado na tabela "pedidos" {"id":814,"pedido_externo":"260816FU6PMFU6"} 
[2026-08-18 20:36:44] local.INFO: ENTROU NO GET SHOPEE {"path":"/api/v2/order/get_order_detail","query":{"order_sn_list":"260816FSDN8QUY","response_optional_fields":"buyer_user_id,buyer_username,recipient_address,item_list,payment_info,shipping_carrier"}} 
[2026-08-18 20:36:46] local.INFO: [ShopeeOrderService] Iniciando gravação do pedido no banco {"order_sn":"260816FSDN8QUY"} 
[2026-08-18 20:36:46] local.INFO: [ShopeeOrderService] Pedido salvo/atualizado na tabela "pedidos" {"id":815,"pedido_externo":"260816FSDN8QUY"} 
[2026-08-18 20:36:46] local.INFO: ENTROU NO GET SHOPEE {"path":"/api/v2/order/get_order_detail","query":{"order_sn_list":"260816FSA9FUC7","response_optional_fields":"buyer_user_id,buyer_username,recipient_address,item_list,payment_info,shipping_carrier"}} 
[2026-08-18 20:36:48] local.INFO: [ShopeeOrderService] Iniciando gravação do pedido no banco {"order_sn":"260816FSA9FUC7"} 
[2026-08-18 20:36:48] local.INFO: [ShopeeOrderService] Pedido salvo/atualizado na tabela "pedidos" {"id":816,"pedido_externo":"260816FSA9FUC7"} 
[2026-08-18 20:36:48] local.INFO: ENTROU NO GET SHOPEE {"path":"/api/v2/order/get_order_detail","query":{"order_sn_list":"260816FRNHQM6H","response_optional_fields":"buyer_user_id,buyer_username,recipient_address,item_list,payment_info,shipping_carrier"}} 
[2026-08-18 20:36:49] local.INFO: [ShopeeOrderService] Iniciando gravação do pedido no banco {"order_sn":"260816FRNHQM6H"} 
[2026-08-18 20:36:49] local.INFO: [ShopeeOrderService] Pedido salvo/atualizado na tabela "pedidos" {"id":817,"pedido_externo":"260816FRNHQM6H"} 
[2026-08-18 20:36:49] local.INFO: ENTROU NO GET SHOPEE {"path":"/api/v2/order/get_order_detail","query":{"order_sn_list":"260816FQ3VW9VS","response_optional_fields":"buyer_user_id,buyer_username,recipient_address,item_list,payment_info,shipping_carrier"}} 
[2026-08-18 20:36:52] local.INFO: [ShopeeOrderService] Iniciando gravação do pedido no banco {"order_sn":"260816FQ3VW9VS"} 
[2026-08-18 20:36:52] local.INFO: [ShopeeOrderService] Pedido salvo/atualizado na tabela "pedidos" {"id":818,"pedido_externo":"260816FQ3VW9VS"} 
[2026-08-18 20:36:52] local.INFO: ENTROU NO GET SHOPEE {"path":"/api/v2/order/get_order_detail","query":{"order_sn_list":"260816FPTDPRRC","response_optional_fields":"buyer_user_id,buyer_username,recipient_address,item_list,payment_info,shipping_carrier"}} 
[2026-08-18 20:36:53] local.INFO: [ShopeeOrderService] Iniciando gravação do pedido no banco {"order_sn":"260816FPTDPRRC"} 
[2026-08-18 20:36:53] local.INFO: [ShopeeOrderService] Pedido salvo/atualizado na tabela "pedidos" {"id":819,"pedido_externo":"260816FPTDPRRC"} 
[2026-08-18 20:36:53] local.INFO: ENTROU NO GET SHOPEE {"path":"/api/v2/order/get_order_detail","query":{"order_sn_list":"260816FJGKW12A","response_optional_fields":"buyer_user_id,buyer_username,recipient_address,item_list,payment_info,shipping_carrier"}} 
[2026-08-18 20:36:56] local.INFO: [ShopeeOrderService] Iniciando gravação do pedido no banco {"order_sn":"260816FJGKW12A"} 
[2026-08-18 20:36:56] local.INFO: [ShopeeOrderService] Pedido salvo/atualizado na tabela "pedidos" {"id":820,"pedido_externo":"260816FJGKW12A"} 
[2026-08-18 20:36:56] local.INFO: ENTROU NO GET SHOPEE {"path":"/api/v2/order/get_order_detail","query":{"order_sn_list":"260816FGNA3DSN","response_optional_fields":"buyer_user_id,buyer_username,recipient_address,item_list,payment_info,shipping_carrier"}} 
[2026-08-18 20:36:59] local.INFO: [ShopeeOrderService] Iniciando gravação do pedido no banco {"order_sn":"260816FGNA3DSN"} 
[2026-08-18 20:36:59] local.INFO: [ShopeeOrderService] Pedido salvo/atualizado na tabela "pedidos" {"id":821,"pedido_externo":"260816FGNA3DSN"} 
[2026-08-18 20:36:59] local.INFO: ENTROU NO GET SHOPEE {"path":"/api/v2/order/get_order_detail","query":{"order_sn_list":"260816FC3ETKES","response_optional_fields":"buyer_user_id,buyer_username,recipient_address,item_list,payment_info,shipping_carrier"}} 
[2026-08-18 20:37:00] local.INFO: [ShopeeOrderService] Iniciando gravação do pedido no banco {"order_sn":"260816FC3ETKES"} 
[2026-08-18 20:37:00] local.INFO: [ShopeeOrderService] Pedido salvo/atualizado na tabela "pedidos" {"id":822,"pedido_externo":"260816FC3ETKES"} 
[2026-08-18 20:37:00] local.INFO: ENTROU NO GET SHOPEE {"path":"/api/v2/order/get_order_detail","query":{"order_sn_list":"260816F7YJSN54","response_optional_fields":"buyer_user_id,buyer_username,recipient_address,item_list,payment_info,shipping_carrier"}} 
[2026-08-18 20:37:02] local.INFO: [ShopeeOrderService] Iniciando gravação do pedido no banco {"order_sn":"260816F7YJSN54"} 
[2026-08-18 20:37:02] local.INFO: [ShopeeOrderService] Pedido salvo/atualizado na tabela "pedidos" {"id":823,"pedido_externo":"260816F7YJSN54"} 
[2026-08-18 20:37:02] local.INFO: ENTROU NO GET SHOPEE {"path":"/api/v2/order/get_order_detail","query":{"order_sn_list":"260816EXW1BVRP","response_optional_fields":"buyer_user_id,buyer_username,recipient_address,item_list,payment_info,shipping_carrier"}} 
[2026-08-18 20:37:03] local.INFO: [ShopeeOrderService] Iniciando gravação do pedido no banco {"order_sn":"260816EXW1BVRP"} 
[2026-08-18 20:37:03] local.INFO: [ShopeeOrderService] Pedido salvo/atualizado na tabela "pedidos" {"id":824,"pedido_externo":"260816EXW1BVRP"} 
[2026-08-18 20:37:03] local.INFO: ENTROU NO GET SHOPEE {"path":"/api/v2/order/get_order_detail","query":{"order_sn_list":"260815D2UWNYM9","response_optional_fields":"buyer_user_id,buyer_username,recipient_address,item_list,payment_info,shipping_carrier"}} 
[2026-08-18 20:37:05] local.INFO: [ShopeeOrderService] Iniciando gravação do pedido no banco {"order_sn":"260815D2UWNYM9"} 
[2026-08-18 20:37:05] local.INFO: [ShopeeOrderService] Pedido salvo/atualizado na tabela "pedidos" {"id":825,"pedido_externo":"260815D2UWNYM9"} 
[2026-08-18 20:37:05] local.INFO: ENTROU NO GET SHOPEE {"path":"/api/v2/order/get_order_detail","query":{"order_sn_list":"260815D2FPMHNM","response_optional_fields":"buyer_user_id,buyer_username,recipient_address,item_list,payment_info,shipping_carrier"}} 
[2026-08-18 20:37:07] local.INFO: [ShopeeOrderService] Iniciando gravação do pedido no banco {"order_sn":"260815D2FPMHNM"} 
[2026-08-18 20:37:07] local.INFO: [ShopeeOrderService] Pedido salvo/atualizado na tabela "pedidos" {"id":826,"pedido_externo":"260815D2FPMHNM"} 
[2026-08-18 20:37:07] local.INFO: ENTROU NO GET SHOPEE {"path":"/api/v2/order/get_order_detail","query":{"order_sn_list":"260815D264GS1M","response_optional_fields":"buyer_user_id,buyer_username,recipient_address,item_list,payment_info,shipping_carrier"}} 
[2026-08-18 20:37:08] local.INFO: [ShopeeOrderService] Iniciando gravação do pedido no banco {"order_sn":"260815D264GS1M"} 
[2026-08-18 20:37:08] local.INFO: [ShopeeOrderService] Pedido salvo/atualizado na tabela "pedidos" {"id":827,"pedido_externo":"260815D264GS1M"} 
[2026-08-18 20:37:09] local.INFO: ENTROU NO GET SHOPEE {"path":"/api/v2/order/get_order_detail","query":{"order_sn_list":"260815C9KUR19H","response_optional_fields":"buyer_user_id,buyer_username,recipient_address,item_list,payment_info,shipping_carrier"}} 
[2026-08-18 20:37:10] local.INFO: [ShopeeOrderService] Iniciando gravação do pedido no banco {"order_sn":"260815C9KUR19H"} 
[2026-08-18 20:37:10] local.INFO: [ShopeeOrderService] Pedido salvo/atualizado na tabela "pedidos" {"id":828,"pedido_externo":"260815C9KUR19H"} 
[2026-08-18 20:37:10] local.INFO: ENTROU NO GET SHOPEE {"path":"/api/v2/order/get_order_detail","query":{"order_sn_list":"260814C4GV322P","response_optional_fields":"buyer_user_id,buyer_username,recipient_address,item_list,payment_info,shipping_carrier"}} 
[2026-08-18 20:37:11] local.INFO: [ShopeeOrderService] Iniciando gravação do pedido no banco {"order_sn":"260814C4GV322P"} 
[2026-08-18 20:37:11] local.INFO: [ShopeeOrderService] Pedido salvo/atualizado na tabela "pedidos" {"id":829,"pedido_externo":"260814C4GV322P"} 
[2026-08-18 20:37:12] local.INFO: ENTROU NO GET SHOPEE {"path":"/api/v2/order/get_order_detail","query":{"order_sn_list":"260814C14DPDQP","response_optional_fields":"buyer_user_id,buyer_username,recipient_address,item_list,payment_info,shipping_carrier"}} 
[2026-08-18 20:37:13] local.INFO: [ShopeeOrderService] Iniciando gravação do pedido no banco {"order_sn":"260814C14DPDQP"} 
[2026-08-18 20:37:13] local.INFO: [ShopeeOrderService] Pedido salvo/atualizado na tabela "pedidos" {"id":830,"pedido_externo":"260814C14DPDQP"} 
[2026-08-18 20:37:13] local.INFO: ENTROU NO GET SHOPEE {"path":"/api/v2/order/get_order_detail","query":{"order_sn_list":"260814BT6NB3HX","response_optional_fields":"buyer_user_id,buyer_username,recipient_address,item_list,payment_info,shipping_carrier"}} 
[2026-08-18 20:37:15] local.INFO: [ShopeeOrderService] Iniciando gravação do pedido no banco {"order_sn":"260814BT6NB3HX"} 
[2026-08-18 20:37:15] local.INFO: [ShopeeOrderService] Pedido salvo/atualizado na tabela "pedidos" {"id":794,"pedido_externo":"260814BT6NB3HX"} 
[2026-08-18 20:37:15] local.INFO: ENTROU NO GET SHOPEE {"path":"/api/v2/order/get_order_detail","query":{"order_sn_list":"260814B9MAQFUF","response_optional_fields":"buyer_user_id,buyer_username,recipient_address,item_list,payment_info,shipping_carrier"}} 
[2026-08-18 20:37:16] local.INFO: [ShopeeOrderService] Iniciando gravação do pedido no banco {"order_sn":"260814B9MAQFUF"} 
[2026-08-18 20:37:16] local.INFO: [ShopeeOrderService] Pedido salvo/atualizado na tabela "pedidos" {"id":795,"pedido_externo":"260814B9MAQFUF"} 
[2026-08-18 20:37:16] local.INFO: ENTROU NO GET SHOPEE {"path":"/api/v2/order/get_order_detail","query":{"order_sn_list":"260814ATJS98B6","response_optional_fields":"buyer_user_id,buyer_username,recipient_address,item_list,payment_info,shipping_carrier"}} 
[2026-08-18 20:37:18] local.INFO: [ShopeeOrderService] Iniciando gravação do pedido no banco {"order_sn":"260814ATJS98B6"} 
[2026-08-18 20:37:18] local.INFO: [ShopeeOrderService] Pedido salvo/atualizado na tabela "pedidos" {"id":796,"pedido_externo":"260814ATJS98B6"} 
[2026-08-18 20:37:18] local.INFO: ENTROU NO GET SHOPEE {"path":"/api/v2/order/get_order_detail","query":{"order_sn_list":"260814AH94X3S3","response_optional_fields":"buyer_user_id,buyer_username,recipient_address,item_list,payment_info,shipping_carrier"}} 
[2026-08-18 20:37:19] local.INFO: [ShopeeOrderService] Iniciando gravação do pedido no banco {"order_sn":"260814AH94X3S3"} 
[2026-08-18 20:37:19] local.INFO: [ShopeeOrderService] Pedido salvo/atualizado na tabela "pedidos" {"id":797,"pedido_externo":"260814AH94X3S3"} 
[2026-08-18 20:37:19] local.INFO: ENTROU NO GET SHOPEE {"path":"/api/v2/order/get_order_detail","query":{"order_sn_list":"260814AGWPNX69","response_optional_fields":"buyer_user_id,buyer_username,recipient_address,item_list,payment_info,shipping_carrier"}} 
[2026-08-18 20:37:21] local.INFO: [ShopeeOrderService] Iniciando gravação do pedido no banco {"order_sn":"260814AGWPNX69"} 
[2026-08-18 20:37:21] local.INFO: [ShopeeOrderService] Pedido salvo/atualizado na tabela "pedidos" {"id":798,"pedido_externo":"260814AGWPNX69"} 
[2026-08-18 20:37:21] local.INFO: ENTROU NO GET SHOPEE {"path":"/api/v2/order/get_order_detail","query":{"order_sn_list":"260814A73XCB1A","response_optional_fields":"buyer_user_id,buyer_username,recipient_address,item_list,payment_info,shipping_carrier"}} 
[2026-08-18 20:37:22] local.INFO: [ShopeeOrderService] Iniciando gravação do pedido no banco {"order_sn":"260814A73XCB1A"} 
[2026-08-18 20:37:22] local.INFO: [ShopeeOrderService] Pedido salvo/atualizado na tabela "pedidos" {"id":763,"pedido_externo":"260814A73XCB1A"} 
[2026-08-18 20:37:23] local.INFO: ENTROU NO GET SHOPEE {"path":"/api/v2/order/get_order_detail","query":{"order_sn_list":"2608149YM90315","response_optional_fields":"buyer_user_id,buyer_username,recipient_address,item_list,payment_info,shipping_carrier"}} 
[2026-08-18 20:37:24] local.INFO: [ShopeeOrderService] Iniciando gravação do pedido no banco {"order_sn":"2608149YM90315"} 
[2026-08-18 20:37:24] local.INFO: [ShopeeOrderService] Pedido salvo/atualizado na tabela "pedidos" {"id":764,"pedido_externo":"2608149YM90315"} 
[2026-08-18 20:37:24] local.INFO: ENTROU NO GET SHOPEE {"path":"/api/v2/order/get_order_detail","query":{"order_sn_list":"2608149UR4VMTC","response_optional_fields":"buyer_user_id,buyer_username,recipient_address,item_list,payment_info,shipping_carrier"}} 
[2026-08-18 20:37:24] local.INFO: [ShopeeAdsService] Consultando Ads por período {"data_inicio":"2026-08-17","data_fim":"2026-08-18"} 
[2026-08-18 20:37:24] local.INFO: ENTROU NO GET SHOPEE {"path":"/api/v2/ads/get_all_cpc_ads_daily_performance","query":{"start_date":"17-08-2026","end_date":"18-08-2026"}} 
[2026-08-18 20:37:25] local.INFO: [ShopeeOrderService] Iniciando gravação do pedido no banco {"order_sn":"2608149UR4VMTC"} 
[2026-08-18 20:37:25] local.INFO: [ShopeeOrderService] Pedido salvo/atualizado na tabela "pedidos" {"id":765,"pedido_externo":"2608149UR4VMTC"} 
[2026-08-18 20:37:26] local.INFO: ENTROU NO GET SHOPEE {"path":"/api/v2/order/get_order_detail","query":{"order_sn_list":"2608149RWW6TFS","response_optional_fields":"buyer_user_id,buyer_username,recipient_address,item_list,payment_info,shipping_carrier"}} 
[2026-08-18 20:37:27] local.INFO: [ShopeeOrderService] Iniciando gravação do pedido no banco {"order_sn":"2608149RWW6TFS"} 
[2026-08-18 20:37:27] local.INFO: [ShopeeOrderService] Pedido salvo/atualizado na tabela "pedidos" {"id":766,"pedido_externo":"2608149RWW6TFS"} 
[2026-08-18 20:37:27] local.INFO: ENTROU NO GET SHOPEE {"path":"/api/v2/order/get_order_detail","query":{"order_sn_list":"2608139NYFWS2F","response_optional_fields":"buyer_user_id,buyer_username,recipient_address,item_list,payment_info,shipping_carrier"}} 
[2026-08-18 20:37:28] local.INFO: [ShopeeOrderService] Iniciando gravação do pedido no banco {"order_sn":"2608139NYFWS2F"} 
[2026-08-18 20:37:28] local.INFO: [ShopeeOrderService] Pedido salvo/atualizado na tabela "pedidos" {"id":767,"pedido_externo":"2608139NYFWS2F"} 
[2026-08-18 20:37:29] local.INFO: ENTROU NO GET SHOPEE {"path":"/api/v2/order/get_order_detail","query":{"order_sn_list":"2608139E0XKQJH","response_optional_fields":"buyer_user_id,buyer_username,recipient_address,item_list,payment_info,shipping_carrier"}} 
[2026-08-18 20:37:30] local.INFO: [ShopeeOrderService] Iniciando gravação do pedido no banco {"order_sn":"2608139E0XKQJH"} 
[2026-08-18 20:37:30] local.INFO: [ShopeeOrderService] Pedido salvo/atualizado na tabela "pedidos" {"id":768,"pedido_externo":"2608139E0XKQJH"} 
[2026-08-18 20:37:30] local.INFO: ENTROU NO GET SHOPEE {"path":"/api/v2/order/get_order_detail","query":{"order_sn_list":"2608139AUQYBS0","response_optional_fields":"buyer_user_id,buyer_username,recipient_address,item_list,payment_info,shipping_carrier"}} 
[2026-08-18 20:37:32] local.INFO: [ShopeeOrderService] Iniciando gravação do pedido no banco {"order_sn":"2608139AUQYBS0"} 
[2026-08-18 20:37:32] local.INFO: [ShopeeOrderService] Pedido salvo/atualizado na tabela "pedidos" {"id":769,"pedido_externo":"2608139AUQYBS0"} 
[2026-08-18 20:37:32] local.INFO: ENTROU NO GET SHOPEE {"path":"/api/v2/order/get_order_detail","query":{"order_sn_list":"260813963R7YH4","response_optional_fields":"buyer_user_id,buyer_username,recipient_address,item_list,payment_info,shipping_carrier"}} 
[2026-08-18 20:37:33] local.INFO: [ShopeeOrderService] Iniciando gravação do pedido no banco {"order_sn":"260813963R7YH4"} 
[2026-08-18 20:37:33] local.INFO: [ShopeeOrderService] Pedido salvo/atualizado na tabela "pedidos" {"id":770,"pedido_externo":"260813963R7YH4"} 
[2026-08-18 20:37:33] local.INFO: ENTROU NO GET SHOPEE {"path":"/api/v2/order/get_order_detail","query":{"order_sn_list":"26081395VR2CV3","response_optional_fields":"buyer_user_id,buyer_username,recipient_address,item_list,payment_info,shipping_carrier"}} 
[2026-08-18 20:37:35] local.INFO: [ShopeeOrderService] Iniciando gravação do pedido no banco {"order_sn":"26081395VR2CV3"} 
[2026-08-18 20:37:35] local.INFO: [ShopeeOrderService] Pedido salvo/atualizado na tabela "pedidos" {"id":771,"pedido_externo":"26081395VR2CV3"} 
[2026-08-18 20:37:35] local.INFO: ENTROU NO GET SHOPEE {"path":"/api/v2/order/get_order_detail","query":{"order_sn_list":"26081392U1YE60","response_optional_fields":"buyer_user_id,buyer_username,recipient_address,item_list,payment_info,shipping_carrier"}} 
[2026-08-18 20:37:37] local.INFO: [ShopeeOrderService] Iniciando gravação do pedido no banco {"order_sn":"26081392U1YE60"} 
[2026-08-18 20:37:37] local.INFO: [ShopeeOrderService] Pedido salvo/atualizado na tabela "pedidos" {"id":772,"pedido_externo":"26081392U1YE60"} 
[2026-08-18 20:37:37] local.INFO: ENTROU NO GET SHOPEE {"path":"/api/v2/order/get_order_detail","query":{"order_sn_list":"2608138Y7V0HV8","response_optional_fields":"buyer_user_id,buyer_username,recipient_address,item_list,payment_info,shipping_carrier"}} 
[2026-08-18 20:37:38] local.INFO: [ShopeeOrderService] Iniciando gravação do pedido no banco {"order_sn":"2608138Y7V0HV8"} 
[2026-08-18 20:37:38] local.INFO: [ShopeeOrderService] Pedido salvo/atualizado na tabela "pedidos" {"id":773,"pedido_externo":"2608138Y7V0HV8"} 
[2026-08-18 20:37:39] local.INFO: ENTROU NO GET SHOPEE {"path":"/api/v2/order/get_order_detail","query":{"order_sn_list":"260813878B267K","response_optional_fields":"buyer_user_id,buyer_username,recipient_address,item_list,payment_info,shipping_carrier"}} 
[2026-08-18 20:37:40] local.INFO: [ShopeeOrderService] Iniciando gravação do pedido no banco {"order_sn":"260813878B267K"} 
[2026-08-18 20:37:40] local.INFO: [ShopeeOrderService] Pedido salvo/atualizado na tabela "pedidos" {"id":774,"pedido_externo":"260813878B267K"} 
[2026-08-18 20:37:40] local.INFO: ENTROU NO GET SHOPEE {"path":"/api/v2/order/get_order_detail","query":{"order_sn_list":"260813843A569D","response_optional_fields":"buyer_user_id,buyer_username,recipient_address,item_list,payment_info,shipping_carrier"}} 
[2026-08-18 20:37:41] local.INFO: [ShopeeOrderService] Iniciando gravação do pedido no banco {"order_sn":"260813843A569D"} 
[2026-08-18 20:37:41] local.INFO: [ShopeeOrderService] Pedido salvo/atualizado na tabela "pedidos" {"id":775,"pedido_externo":"260813843A569D"} 
[2026-08-18 20:37:42] local.INFO: ENTROU NO GET SHOPEE {"path":"/api/v2/order/get_order_detail","query":{"order_sn_list":"26081382RV2P2Y","response_optional_fields":"buyer_user_id,buyer_username,recipient_address,item_list,payment_info,shipping_carrier"}} 
[2026-08-18 20:37:43] local.INFO: [ShopeeOrderService] Iniciando gravação do pedido no banco {"order_sn":"26081382RV2P2Y"} 
[2026-08-18 20:37:43] local.INFO: [ShopeeOrderService] Pedido salvo/atualizado na tabela "pedidos" {"id":776,"pedido_externo":"26081382RV2P2Y"} 
[2026-08-18 20:37:43] local.INFO: ENTROU NO GET SHOPEE {"path":"/api/v2/order/get_order_detail","query":{"order_sn_list":"26081381ASNM90","response_optional_fields":"buyer_user_id,buyer_username,recipient_address,item_list,payment_info,shipping_carrier"}} 
[2026-08-18 20:37:43] local.INFO: [ShopeeAdsService] Consultando Ads por hora {"data":"2026-08-17"} 
[2026-08-18 20:37:43] local.INFO: ENTROU NO GET SHOPEE {"path":"/api/v2/ads/get_all_cpc_ads_hourly_performance","query":{"performance_date":"17-08-2026"}} 
[2026-08-18 20:37:45] local.INFO: [ShopeeOrderService] Iniciando gravação do pedido no banco {"order_sn":"26081381ASNM90"} 
[2026-08-18 20:37:45] local.INFO: [ShopeeOrderService] Pedido salvo/atualizado na tabela "pedidos" {"id":777,"pedido_externo":"26081381ASNM90"} 
[2026-08-18 20:37:45] local.INFO: ENTROU NO GET SHOPEE {"path":"/api/v2/order/get_order_detail","query":{"order_sn_list":"260813807JGAXD","response_optional_fields":"buyer_user_id,buyer_username,recipient_address,item_list,payment_info,shipping_carrier"}} 
[2026-08-18 20:37:46] local.INFO: [ShopeeOrderService] Iniciando gravação do pedido no banco {"order_sn":"260813807JGAXD"} 
[2026-08-18 20:37:46] local.INFO: [ShopeeOrderService] Pedido salvo/atualizado na tabela "pedidos" {"id":778,"pedido_externo":"260813807JGAXD"} 
[2026-08-18 20:37:46] local.INFO: ENTROU NO GET SHOPEE {"path":"/api/v2/order/get_order_detail","query":{"order_sn_list":"26081274CATJW9","response_optional_fields":"buyer_user_id,buyer_username,recipient_address,item_list,payment_info,shipping_carrier"}} 
[2026-08-18 20:37:48] local.INFO: [ShopeeOrderService] Iniciando gravação do pedido no banco {"order_sn":"26081274CATJW9"} 
[2026-08-18 20:37:48] local.INFO: [ShopeeOrderService] Pedido salvo/atualizado na tabela "pedidos" {"id":779,"pedido_externo":"26081274CATJW9"} 
[2026-08-18 20:37:48] local.INFO: ENTROU NO GET SHOPEE {"path":"/api/v2/order/get_order_detail","query":{"order_sn_list":"2608126VX170UD","response_optional_fields":"buyer_user_id,buyer_username,recipient_address,item_list,payment_info,shipping_carrier"}} 
[2026-08-18 20:37:49] local.INFO: [ShopeeOrderService] Iniciando gravação do pedido no banco {"order_sn":"2608126VX170UD"} 
[2026-08-18 20:37:49] local.INFO: [ShopeeOrderService] Pedido salvo/atualizado na tabela "pedidos" {"id":780,"pedido_externo":"2608126VX170UD"} 
[2026-08-18 20:37:49] local.INFO: ENTROU NO GET SHOPEE {"path":"/api/v2/order/get_order_detail","query":{"order_sn_list":"2608125GMV3PJD","response_optional_fields":"buyer_user_id,buyer_username,recipient_address,item_list,payment_info,shipping_carrier"}} 
[2026-08-18 20:37:51] local.INFO: [ShopeeOrderService] Iniciando gravação do pedido no banco {"order_sn":"2608125GMV3PJD"} 
[2026-08-18 20:37:51] local.INFO: [ShopeeOrderService] Pedido salvo/atualizado na tabela "pedidos" {"id":781,"pedido_externo":"2608125GMV3PJD"} 
[2026-08-18 20:37:51] local.INFO: ENTROU NO GET SHOPEE {"path":"/api/v2/order/get_order_detail","query":{"order_sn_list":"2608125G7TF0MF","response_optional_fields":"buyer_user_id,buyer_username,recipient_address,item_list,payment_info,shipping_carrier"}} 
[2026-08-18 20:37:53] local.INFO: [ShopeeOrderService] Iniciando gravação do pedido no banco {"order_sn":"2608125G7TF0MF"} 
[2026-08-18 20:37:53] local.INFO: [ShopeeOrderService] Pedido salvo/atualizado na tabela "pedidos" {"id":782,"pedido_externo":"2608125G7TF0MF"} 
[2026-08-18 20:37:53] local.INFO: ENTROU NO GET SHOPEE {"path":"/api/v2/order/get_order_detail","query":{"order_sn_list":"2608125FK2P7DR","response_optional_fields":"buyer_user_id,buyer_username,recipient_address,item_list,payment_info,shipping_carrier"}} 
[2026-08-18 20:37:54] local.INFO: [ShopeeOrderService] Iniciando gravação do pedido no banco {"order_sn":"2608125FK2P7DR"} 
[2026-08-18 20:37:54] local.INFO: [ShopeeOrderService] Pedido salvo/atualizado na tabela "pedidos" {"id":783,"pedido_externo":"2608125FK2P7DR"} 
[2026-08-18 20:37:54] local.INFO: ENTROU NO GET SHOPEE {"path":"/api/v2/order/get_order_detail","query":{"order_sn_list":"2608125F08VJ33","response_optional_fields":"buyer_user_id,buyer_username,recipient_address,item_list,payment_info,shipping_carrier"}} 
[2026-08-18 20:37:56] local.INFO: [ShopeeOrderService] Iniciando gravação do pedido no banco {"order_sn":"2608125F08VJ33"} 
[2026-08-18 20:37:56] local.INFO: [ShopeeOrderService] Pedido salvo/atualizado na tabela "pedidos" {"id":784,"pedido_externo":"2608125F08VJ33"} 
[2026-08-18 20:37:56] local.INFO: ENTROU NO GET SHOPEE {"path":"/api/v2/order/get_order_detail","query":{"order_sn_list":"2608125EEN7UC6","response_optional_fields":"buyer_user_id,buyer_username,recipient_address,item_list,payment_info,shipping_carrier"}} 
[2026-08-18 20:37:57] local.INFO: [ShopeeOrderService] Iniciando gravação do pedido no banco {"order_sn":"2608125EEN7UC6"} 
[2026-08-18 20:37:58] local.INFO: [ShopeeOrderService] Pedido salvo/atualizado na tabela "pedidos" {"id":785,"pedido_externo":"2608125EEN7UC6"} 
[2026-08-18 20:37:58] local.INFO: ENTROU NO GET SHOPEE {"path":"/api/v2/order/get_order_detail","query":{"order_sn_list":"2608125D4HQ9W2","response_optional_fields":"buyer_user_id,buyer_username,recipient_address,item_list,payment_info,shipping_carrier"}} 
[2026-08-18 20:37:59] local.INFO: [ShopeeOrderService] Iniciando gravação do pedido no banco {"order_sn":"2608125D4HQ9W2"} 
[2026-08-18 20:37:59] local.INFO: [ShopeeOrderService] Pedido salvo/atualizado na tabela "pedidos" {"id":786,"pedido_externo":"2608125D4HQ9W2"} 
[2026-08-18 20:37:59] local.INFO: ENTROU NO GET SHOPEE {"path":"/api/v2/order/get_order_detail","query":{"order_sn_list":"26081259MD1RNQ","response_optional_fields":"buyer_user_id,buyer_username,recipient_address,item_list,payment_info,shipping_carrier"}} 
[2026-08-18 20:38:00] local.INFO: [ShopeeOrderService] Iniciando gravação do pedido no banco {"order_sn":"26081259MD1RNQ"} 
[2026-08-18 20:38:00] local.INFO: [ShopeeOrderService] Pedido salvo/atualizado na tabela "pedidos" {"id":787,"pedido_externo":"26081259MD1RNQ"} 
[2026-08-18 20:38:01] local.INFO: ENTROU NO GET SHOPEE {"path":"/api/v2/order/get_order_detail","query":{"order_sn_list":"26081258B8X8B6","response_optional_fields":"buyer_user_id,buyer_username,recipient_address,item_list,payment_info,shipping_carrier"}} 
[2026-08-18 20:38:02] local.INFO: [ShopeeOrderService] Iniciando gravação do pedido no banco {"order_sn":"26081258B8X8B6"} 
[2026-08-18 20:38:02] local.INFO: [ShopeeOrderService] Pedido salvo/atualizado na tabela "pedidos" {"id":788,"pedido_externo":"26081258B8X8B6"} 
[2026-08-18 20:38:02] local.INFO: ENTROU NO GET SHOPEE {"path":"/api/v2/order/get_order_detail","query":{"order_sn_list":"260812567BKETS","response_optional_fields":"buyer_user_id,buyer_username,recipient_address,item_list,payment_info,shipping_carrier"}} 
[2026-08-18 20:38:03] local.INFO: [ShopeeOrderService] Iniciando gravação do pedido no banco {"order_sn":"260812567BKETS"} 
[2026-08-18 20:38:04] local.INFO: [ShopeeOrderService] Pedido salvo/atualizado na tabela "pedidos" {"id":789,"pedido_externo":"260812567BKETS"} 
[2026-08-18 20:38:04] local.INFO: ENTROU NO GET SHOPEE {"path":"/api/v2/order/get_order_detail","query":{"order_sn_list":"26081254KE8FC5","response_optional_fields":"buyer_user_id,buyer_username,recipient_address,item_list,payment_info,shipping_carrier"}} 
[2026-08-18 20:38:05] local.INFO: [ShopeeOrderService] Iniciando gravação do pedido no banco {"order_sn":"26081254KE8FC5"} 
[2026-08-18 20:38:05] local.INFO: [ShopeeOrderService] Pedido salvo/atualizado na tabela "pedidos" {"id":790,"pedido_externo":"26081254KE8FC5"} 
[2026-08-18 20:38:05] local.INFO: ENTROU NO GET SHOPEE {"path":"/api/v2/order/get_order_detail","query":{"order_sn_list":"260812548ECB62","response_optional_fields":"buyer_user_id,buyer_username,recipient_address,item_list,payment_info,shipping_carrier"}} 
[2026-08-18 20:38:08] local.INFO: [ShopeeOrderService] Iniciando gravação do pedido no banco {"order_sn":"260812548ECB62"} 
[2026-08-18 20:38:08] local.INFO: [ShopeeOrderService] Pedido salvo/atualizado na tabela "pedidos" {"id":791,"pedido_externo":"260812548ECB62"} 
[2026-08-18 20:38:08] local.INFO: ENTROU NO GET SHOPEE {"path":"/api/v2/order/get_order_detail","query":{"order_sn_list":"26081142SF31UJ","response_optional_fields":"buyer_user_id,buyer_username,recipient_address,item_list,payment_info,shipping_carrier"}} 
[2026-08-18 20:38:09] local.INFO: [ShopeeOrderService] Iniciando gravação do pedido no banco {"order_sn":"26081142SF31UJ"} 
[2026-08-18 20:38:09] local.INFO: [ShopeeOrderService] Pedido salvo/atualizado na tabela "pedidos" {"id":792,"pedido_externo":"26081142SF31UJ"} 
[2026-08-18 20:38:09] local.INFO: ENTROU NO GET SHOPEE {"path":"/api/v2/order/get_order_detail","query":{"order_sn_list":"2608113HJS2NR2","response_optional_fields":"buyer_user_id,buyer_username,recipient_address,item_list,payment_info,shipping_carrier"}} 
[2026-08-18 20:38:11] local.INFO: [ShopeeOrderService] Iniciando gravação do pedido no banco {"order_sn":"2608113HJS2NR2"} 
[2026-08-18 20:38:11] local.INFO: [ShopeeOrderService] Pedido salvo/atualizado na tabela "pedidos" {"id":793,"pedido_externo":"2608113HJS2NR2"} 
[2026-08-18 20:38:11] local.INFO: ENTROU NO GET SHOPEE {"path":"/api/v2/order/get_order_detail","query":{"order_sn_list":"2608113AN6H5TE","response_optional_fields":"buyer_user_id,buyer_username,recipient_address,item_list,payment_info,shipping_carrier"}} 
[2026-08-18 20:38:14] local.INFO: [ShopeeOrderService] Iniciando gravação do pedido no banco {"order_sn":"2608113AN6H5TE"} 
[2026-08-18 20:38:14] local.INFO: [ShopeeOrderService] Pedido salvo/atualizado na tabela "pedidos" {"id":746,"pedido_externo":"2608113AN6H5TE"} 
[2026-08-18 20:38:14] local.INFO: ENTROU NO GET SHOPEE {"path":"/api/v2/order/get_order_detail","query":{"order_sn_list":"26081132NFYPSU","response_optional_fields":"buyer_user_id,buyer_username,recipient_address,item_list,payment_info,shipping_carrier"}} 
[2026-08-18 20:38:17] local.INFO: [ShopeeOrderService] Iniciando gravação do pedido no banco {"order_sn":"26081132NFYPSU"} 
[2026-08-18 20:38:17] local.INFO: [ShopeeOrderService] Pedido salvo/atualizado na tabela "pedidos" {"id":747,"pedido_externo":"26081132NFYPSU"} 
[2026-08-18 20:38:17] local.INFO: ENTROU NO GET SHOPEE {"path":"/api/v2/order/get_order_detail","query":{"order_sn_list":"2608112V8A0TS1","response_optional_fields":"buyer_user_id,buyer_username,recipient_address,item_list,payment_info,shipping_carrier"}} 
[2026-08-18 20:38:18] local.INFO: [ShopeeOrderService] Iniciando gravação do pedido no banco {"order_sn":"2608112V8A0TS1"} 
[2026-08-18 20:38:19] local.INFO: [ShopeeOrderService] Pedido salvo/atualizado na tabela "pedidos" {"id":748,"pedido_externo":"2608112V8A0TS1"} 
[2026-08-18 20:38:19] local.INFO: ENTROU NO GET SHOPEE {"path":"/api/v2/order/get_order_detail","query":{"order_sn_list":"2608112M9PRF9U","response_optional_fields":"buyer_user_id,buyer_username,recipient_address,item_list,payment_info,shipping_carrier"}} 
[2026-08-18 20:38:21] local.INFO: [ShopeeOrderService] Iniciando gravação do pedido no banco {"order_sn":"2608112M9PRF9U"} 
[2026-08-18 20:38:21] local.INFO: [ShopeeOrderService] Pedido salvo/atualizado na tabela "pedidos" {"id":749,"pedido_externo":"2608112M9PRF9U"} 
[2026-08-18 20:38:21] local.INFO: ENTROU NO GET SHOPEE {"path":"/api/v2/order/get_order_detail","query":{"order_sn_list":"2608112E66NKFG","response_optional_fields":"buyer_user_id,buyer_username,recipient_address,item_list,payment_info,shipping_carrier"}} 
[2026-08-18 20:38:23] local.INFO: [ShopeeOrderService] Iniciando gravação do pedido no banco {"order_sn":"2608112E66NKFG"} 
[2026-08-18 20:38:23] local.INFO: [ShopeeOrderService] Pedido salvo/atualizado na tabela "pedidos" {"id":750,"pedido_externo":"2608112E66NKFG"} 
[2026-08-18 20:38:24] local.INFO: ENTROU NO GET SHOPEE {"path":"/api/v2/order/get_order_detail","query":{"order_sn_list":"2608112E5X0F8G","response_optional_fields":"buyer_user_id,buyer_username,recipient_address,item_list,payment_info,shipping_carrier"}} 
[2026-08-18 20:38:25] local.INFO: [ShopeeOrderService] Iniciando gravação do pedido no banco {"order_sn":"2608112E5X0F8G"} 
[2026-08-18 20:38:25] local.INFO: [ShopeeOrderService] Pedido salvo/atualizado na tabela "pedidos" {"id":751,"pedido_externo":"2608112E5X0F8G"} 
[2026-08-18 20:38:25] local.INFO: ENTROU NO GET SHOPEE {"path":"/api/v2/order/get_order_detail","query":{"order_sn_list":"2608112CDU8MXM","response_optional_fields":"buyer_user_id,buyer_username,recipient_address,item_list,payment_info,shipping_carrier"}} 
[2026-08-18 20:38:28] local.INFO: [ShopeeOrderService] Iniciando gravação do pedido no banco {"order_sn":"2608112CDU8MXM"} 
[2026-08-18 20:38:29] local.INFO: [ShopeeOrderService] Pedido salvo/atualizado na tabela "pedidos" {"id":752,"pedido_externo":"2608112CDU8MXM"} 
[2026-08-18 20:38:29] local.INFO: ENTROU NO GET SHOPEE {"path":"/api/v2/order/get_order_detail","query":{"order_sn_list":"26081128CQXRR2","response_optional_fields":"buyer_user_id,buyer_username,recipient_address,item_list,payment_info,shipping_carrier"}} 
[2026-08-18 20:38:31] local.INFO: [ShopeeOrderService] Iniciando gravação do pedido no banco {"order_sn":"26081128CQXRR2"} 
[2026-08-18 20:38:31] local.INFO: [ShopeeOrderService] Pedido salvo/atualizado na tabela "pedidos" {"id":753,"pedido_externo":"26081128CQXRR2"} 
[2026-08-18 20:38:31] local.INFO: ENTROU NO GET SHOPEE {"path":"/api/v2/order/get_order_detail","query":{"order_sn_list":"26081024D933D7","response_optional_fields":"buyer_user_id,buyer_username,recipient_address,item_list,payment_info,shipping_carrier"}} 
[2026-08-18 20:38:34] local.INFO: [ShopeeOrderService] Iniciando gravação do pedido no banco {"order_sn":"26081024D933D7"} 
[2026-08-18 20:38:34] local.INFO: [ShopeeOrderService] Pedido salvo/atualizado na tabela "pedidos" {"id":754,"pedido_externo":"26081024D933D7"} 
[2026-08-18 20:38:34] local.INFO: ENTROU NO GET SHOPEE {"path":"/api/v2/order/get_order_detail","query":{"order_sn_list":"26081023QY77XT","response_optional_fields":"buyer_user_id,buyer_username,recipient_address,item_list,payment_info,shipping_carrier"}} 
[2026-08-18 20:38:37] local.INFO: [ShopeeOrderService] Iniciando gravação do pedido no banco {"order_sn":"26081023QY77XT"} 
[2026-08-18 20:38:37] local.INFO: [ShopeeOrderService] Pedido salvo/atualizado na tabela "pedidos" {"id":755,"pedido_externo":"26081023QY77XT"} 
[2026-08-18 20:38:37] local.INFO: ENTROU NO GET SHOPEE {"path":"/api/v2/order/get_order_detail","query":{"order_sn_list":"26081022UM6XD7","response_optional_fields":"buyer_user_id,buyer_username,recipient_address,item_list,payment_info,shipping_carrier"}} 
[2026-08-18 20:38:38] local.INFO: [ShopeeOrderService] Iniciando gravação do pedido no banco {"order_sn":"26081022UM6XD7"} 
[2026-08-18 20:38:38] local.INFO: [ShopeeOrderService] Pedido salvo/atualizado na tabela "pedidos" {"id":756,"pedido_externo":"26081022UM6XD7"} 
[2026-08-18 20:38:38] local.INFO: ENTROU NO GET SHOPEE {"path":"/api/v2/order/get_order_detail","query":{"order_sn_list":"26081022SUY4A5","response_optional_fields":"buyer_user_id,buyer_username,recipient_address,item_list,payment_info,shipping_carrier"}} 
[2026-08-18 20:38:41] local.INFO: [ShopeeOrderService] Iniciando gravação do pedido no banco {"order_sn":"26081022SUY4A5"} 
[2026-08-18 20:38:41] local.INFO: [ShopeeOrderService] Pedido salvo/atualizado na tabela "pedidos" {"id":757,"pedido_externo":"26081022SUY4A5"} 
[2026-08-18 20:38:41] local.INFO: ENTROU NO GET SHOPEE {"path":"/api/v2/order/get_order_detail","query":{"order_sn_list":"26081022NKKV8D","response_optional_fields":"buyer_user_id,buyer_username,recipient_address,item_list,payment_info,shipping_carrier"}} 
[2026-08-18 20:38:42] local.INFO: [ShopeeOrderService] Iniciando gravação do pedido no banco {"order_sn":"26081022NKKV8D"} 
[2026-08-18 20:38:42] local.INFO: [ShopeeOrderService] Pedido salvo/atualizado na tabela "pedidos" {"id":758,"pedido_externo":"26081022NKKV8D"} 
[2026-08-18 20:38:43] local.INFO: ENTROU NO GET SHOPEE {"path":"/api/v2/order/get_order_detail","query":{"order_sn_list":"26081022NFSW6T","response_optional_fields":"buyer_user_id,buyer_username,recipient_address,item_list,payment_info,shipping_carrier"}} 
[2026-08-18 20:38:44] local.INFO: [ShopeeOrderService] Iniciando gravação do pedido no banco {"order_sn":"26081022NFSW6T"} 
[2026-08-18 20:38:44] local.INFO: [ShopeeOrderService] Pedido salvo/atualizado na tabela "pedidos" {"id":759,"pedido_externo":"26081022NFSW6T"} 
[2026-08-18 20:38:44] local.INFO: ENTROU NO GET SHOPEE {"path":"/api/v2/order/get_order_detail","query":{"order_sn_list":"260810203CCMRH","response_optional_fields":"buyer_user_id,buyer_username,recipient_address,item_list,payment_info,shipping_carrier"}} 
[2026-08-18 20:38:46] local.INFO: [ShopeeOrderService] Iniciando gravação do pedido no banco {"order_sn":"260810203CCMRH"} 
[2026-08-18 20:38:46] local.INFO: [ShopeeOrderService] Pedido salvo/atualizado na tabela "pedidos" {"id":760,"pedido_externo":"260810203CCMRH"} 
[2026-08-18 20:38:47] local.INFO: ENTROU NO GET SHOPEE {"path":"/api/v2/order/get_order_detail","query":{"order_sn_list":"2608101UAD6BDP","response_optional_fields":"buyer_user_id,buyer_username,recipient_address,item_list,payment_info,shipping_carrier"}} 
[2026-08-18 20:38:48] local.INFO: [ShopeeOrderService] Iniciando gravação do pedido no banco {"order_sn":"2608101UAD6BDP"} 
[2026-08-18 20:38:48] local.INFO: [ShopeeOrderService] Pedido salvo/atualizado na tabela "pedidos" {"id":761,"pedido_externo":"2608101UAD6BDP"} 
[2026-08-18 20:38:48] local.INFO: ENTROU NO GET SHOPEE {"path":"/api/v2/order/get_order_detail","query":{"order_sn_list":"2608101SU7HRM8","response_optional_fields":"buyer_user_id,buyer_username,recipient_address,item_list,payment_info,shipping_carrier"}} 
[2026-08-18 20:38:49] local.INFO: [ShopeeOrderService] Iniciando gravação do pedido no banco {"order_sn":"2608101SU7HRM8"} 
[2026-08-18 20:38:50] local.INFO: [ShopeeOrderService] Pedido salvo/atualizado na tabela "pedidos" {"id":762,"pedido_externo":"2608101SU7HRM8"} 
[2026-08-18 20:38:50] local.INFO: ENTROU NO GET SHOPEE {"path":"/api/v2/order/get_order_detail","query":{"order_sn_list":"26081014A0UQ89","response_optional_fields":"buyer_user_id,buyer_username,recipient_address,item_list,payment_info,shipping_carrier"}} 
[2026-08-18 20:38:51] local.INFO: [ShopeeOrderService] Iniciando gravação do pedido no banco {"order_sn":"26081014A0UQ89"} 
[2026-08-18 20:38:51] local.INFO: [ShopeeOrderService] Pedido salvo/atualizado na tabela "pedidos" {"id":684,"pedido_externo":"26081014A0UQ89"} 
[2026-08-18 20:38:51] local.INFO: ENTROU NO GET SHOPEE {"path":"/api/v2/order/get_order_detail","query":{"order_sn_list":"26081011277H3J","response_optional_fields":"buyer_user_id,buyer_username,recipient_address,item_list,payment_info,shipping_carrier"}} 
[2026-08-18 20:38:53] local.INFO: [ShopeeOrderService] Iniciando gravação do pedido no banco {"order_sn":"26081011277H3J"} 
[2026-08-18 20:38:53] local.INFO: [ShopeeOrderService] Pedido salvo/atualizado na tabela "pedidos" {"id":685,"pedido_externo":"26081011277H3J"} 
[2026-08-18 20:38:53] local.INFO: ENTROU NO GET SHOPEE {"path":"/api/v2/order/get_order_detail","query":{"order_sn_list":"2608100WBKM7BK","response_optional_fields":"buyer_user_id,buyer_username,recipient_address,item_list,payment_info,shipping_carrier"}} 
[2026-08-18 20:38:54] local.INFO: [ShopeeOrderService] Iniciando gravação do pedido no banco {"order_sn":"2608100WBKM7BK"} 
[2026-08-18 20:38:54] local.INFO: [ShopeeOrderService] Pedido salvo/atualizado na tabela "pedidos" {"id":686,"pedido_externo":"2608100WBKM7BK"} 
[2026-08-18 20:38:55] local.INFO: ENTROU NO GET SHOPEE {"path":"/api/v2/order/get_order_detail","query":{"order_sn_list":"2608100VK3P5XG","response_optional_fields":"buyer_user_id,buyer_username,recipient_address,item_list,payment_info,shipping_carrier"}} 
[2026-08-18 20:38:56] local.INFO: [ShopeeOrderService] Iniciando gravação do pedido no banco {"order_sn":"2608100VK3P5XG"} 
[2026-08-18 20:38:56] local.INFO: [ShopeeOrderService] Pedido salvo/atualizado na tabela "pedidos" {"id":687,"pedido_externo":"2608100VK3P5XG"} 
[2026-08-19 06:40:07] local.INFO: Shopee - refresh token {"status":200,"response":{"partner_id":2039071,"refresh_token":"eyJhbGciOiJIUzI1NiJ9.CJ-6fBABGKi9_u0GIAIo-POV1AYwr_7xjwM4AUABSAk.tkDU2_kKhPVkIGIniRMWSY6LQLJ7oPH38CM48kbaeiQ","access_token":"eyJhbGciOiJIUzI1NiJ9.CJ-6fBABGKi9_u0GIAEo-POV1AYwvoeF0Qs4AUABSAk.v76oLhoiA6YgpaB14wcnawwo-jJxpAPKBJ9YxQmGy5g","expire_in":14400,"request_id":"e3e3e7f3596330585fe1027764b7a900","error":"","message":"","shop_id":1841274536}} 
[2026-08-19 06:40:08] local.INFO: [ShopeeAdsService] Consultando Ads por hora {"data":"2026-08-19"} 
[2026-08-19 06:40:08] local.INFO: ENTROU NO GET SHOPEE {"path":"/api/v2/ads/get_all_cpc_ads_hourly_performance","query":{"performance_date":"19-08-2026"}} 
[2026-08-19 19:42:44] local.INFO: [ShopeeAdsService] Consultando Ads por hora {"data":"2026-08-19"} 
[2026-08-19 19:42:44] local.INFO: ENTROU NO GET SHOPEE {"path":"/api/v2/ads/get_all_cpc_ads_hourly_performance","query":{"performance_date":"19-08-2026"}} 
[2026-08-20 12:25:56] local.INFO: Shopee - refresh token {"status":200,"response":{"partner_id":2039071,"refresh_token":"eyJhbGciOiJIUzI1NiJ9.CJ-6fBABGKi9_u0GIAIohLmc1AYw1sqP4wo4AUABSAk.EfJOR1EfCGYj-AFgCc1MvHyY7QJdZXir_CkO2TGOrc4","access_token":"eyJhbGciOiJIUzI1NiJ9.CJ-6fBABGKi9_u0GIAEohLmc1AYwhZu1zgs4AUABSAk.DyQddRbD6GXRrHMOLThD8B0rIKKE6lxfwwSEbYKYWWo","expire_in":14400,"request_id":"e3e3e7f3597c22e129c0e5c11b733800","error":"","message":"","shop_id":1841274536}} 
[2026-08-20 12:25:57] local.INFO: [ShopeeAdsService] Consultando Ads por hora {"data":"2026-08-20"} 
[2026-08-20 12:25:57] local.INFO: ENTROU NO GET SHOPEE {"path":"/api/v2/ads/get_all_cpc_ads_hourly_performance","query":{"performance_date":"20-08-2026"}} 
